,box,confidence,keypoints
0,"[129, 224, 204, 237]",0.9998012185096741,"{'left_eye': (194, 317), 'right_eye': (286, 316), 'nose': (240, 365), 'mouth_left': (203, 411), 'mouth_right': (281, 411)}"
1,"[130, 224, 203, 236]",0.9997971653938293,"{'left_eye': (195, 316), 'right_eye': (287, 316), 'nose': (242, 363), 'mouth_left': (204, 410), 'mouth_right': (281, 410)}"
2,"[131, 223, 204, 237]",0.9998456239700317,"{'left_eye': (196, 315), 'right_eye': (288, 315), 'nose': (243, 363), 'mouth_left': (204, 410), 'mouth_right': (282, 411)}"
3,"[130, 216, 213, 263]",0.9999936819076538,"{'left_eye': (196, 313), 'right_eye': (293, 315), 'nose': (243, 361), 'mouth_left': (199, 418), 'mouth_right': (284, 419)}"
4,"[126, 211, 221, 271]",0.9999966621398926,"{'left_eye': (195, 310), 'right_eye': (293, 313), 'nose': (242, 363), 'mouth_left': (196, 414), 'mouth_right': (289, 418)}"
5,"[131, 215, 212, 263]",0.9999922513961792,"{'left_eye': (197, 312), 'right_eye': (293, 314), 'nose': (244, 362), 'mouth_left': (199, 419), 'mouth_right': (285, 419)}"
6,"[130, 216, 214, 265]",0.9999942779541016,"{'left_eye': (197, 312), 'right_eye': (293, 314), 'nose': (245, 362), 'mouth_left': (199, 419), 'mouth_right': (285, 420)}"
7,"[126, 210, 222, 273]",0.999996542930603,"{'left_eye': (196, 310), 'right_eye': (295, 313), 'nose': (243, 364), 'mouth_left': (196, 415), 'mouth_right': (291, 419)}"
8,"[126, 209, 222, 273]",0.9999971389770508,"{'left_eye': (196, 310), 'right_eye': (295, 313), 'nose': (244, 363), 'mouth_left': (197, 415), 'mouth_right': (291, 419)}"
9,"[126, 210, 221, 273]",0.9999960660934448,"{'left_eye': (196, 311), 'right_eye': (294, 314), 'nose': (243, 365), 'mouth_left': (196, 414), 'mouth_right': (290, 419)}"
10,"[126, 210, 222, 273]",0.9999969005584717,"{'left_eye': (196, 310), 'right_eye': (295, 313), 'nose': (244, 363), 'mouth_left': (197, 415), 'mouth_right': (291, 419)}"
11,"[126, 210, 222, 273]",0.9999969005584717,"{'left_eye': (196, 310), 'right_eye': (295, 313), 'nose': (244, 363), 'mouth_left': (197, 415), 'mouth_right': (290, 419)}"
12,"[127, 211, 220, 273]",0.9999970197677612,"{'left_eye': (196, 311), 'right_eye': (294, 314), 'nose': (243, 365), 'mouth_left': (196, 415), 'mouth_right': (290, 419)}"
13,"[126, 210, 221, 272]",0.9999974966049194,"{'left_eye': (197, 311), 'right_eye': (294, 314), 'nose': (244, 363), 'mouth_left': (197, 415), 'mouth_right': (290, 419)}"
14,"[126, 211, 221, 273]",0.9999971389770508,"{'left_eye': (197, 311), 'right_eye': (294, 314), 'nose': (244, 365), 'mouth_left': (197, 415), 'mouth_right': (291, 419)}"
15,"[127, 210, 221, 274]",0.9999960660934448,"{'left_eye': (197, 311), 'right_eye': (295, 314), 'nose': (244, 366), 'mouth_left': (197, 415), 'mouth_right': (291, 420)}"
16,"[127, 211, 222, 273]",0.9999960660934448,"{'left_eye': (197, 311), 'right_eye': (295, 314), 'nose': (244, 365), 'mouth_left': (197, 416), 'mouth_right': (291, 420)}"
17,"[132, 220, 207, 242]",0.9999977350234985,"{'left_eye': (199, 315), 'right_eye': (291, 315), 'nose': (247, 360), 'mouth_left': (209, 410), 'mouth_right': (282, 412)}"
18,"[127, 211, 221, 273]",0.9999972581863403,"{'left_eye': (198, 311), 'right_eye': (295, 314), 'nose': (245, 365), 'mouth_left': (198, 415), 'mouth_right': (292, 419)}"
19,"[128, 211, 221, 273]",0.9999967813491821,"{'left_eye': (198, 312), 'right_eye': (296, 314), 'nose': (246, 367), 'mouth_left': (199, 416), 'mouth_right': (292, 419)}"
20,"[133, 222, 207, 243]",0.9999990463256836,"{'left_eye': (200, 316), 'right_eye': (292, 316), 'nose': (249, 360), 'mouth_left': (209, 411), 'mouth_right': (283, 413)}"
21,"[133, 222, 207, 242]",0.9999986886978149,"{'left_eye': (200, 316), 'right_eye': (293, 316), 'nose': (249, 360), 'mouth_left': (209, 411), 'mouth_right': (283, 414)}"
22,"[131, 220, 214, 262]",0.9999963045120239,"{'left_eye': (202, 314), 'right_eye': (296, 316), 'nose': (249, 364), 'mouth_left': (203, 419), 'mouth_right': (288, 421)}"
23,"[132, 220, 215, 264]",0.9999961853027344,"{'left_eye': (203, 314), 'right_eye': (298, 316), 'nose': (250, 363), 'mouth_left': (204, 420), 'mouth_right': (289, 421)}"
24,"[132, 218, 215, 262]",0.9999972581863403,"{'left_eye': (201, 316), 'right_eye': (296, 317), 'nose': (250, 368), 'mouth_left': (204, 419), 'mouth_right': (290, 420)}"
25,"[131, 221, 216, 262]",0.9999966621398926,"{'left_eye': (204, 314), 'right_eye': (298, 317), 'nose': (252, 364), 'mouth_left': (205, 419), 'mouth_right': (290, 422)}"
26,"[133, 219, 215, 262]",0.9999973773956299,"{'left_eye': (203, 315), 'right_eye': (298, 317), 'nose': (251, 368), 'mouth_left': (205, 420), 'mouth_right': (291, 421)}"
27,"[134, 218, 214, 261]",0.9999972581863403,"{'left_eye': (203, 316), 'right_eye': (297, 318), 'nose': (250, 368), 'mouth_left': (205, 419), 'mouth_right': (291, 420)}"
28,"[133, 219, 215, 262]",0.9999972581863403,"{'left_eye': (203, 316), 'right_eye': (298, 318), 'nose': (251, 368), 'mouth_left': (205, 420), 'mouth_right': (292, 421)}"
29,"[133, 222, 215, 261]",0.9999973773956299,"{'left_eye': (204, 316), 'right_eye': (299, 318), 'nose': (252, 365), 'mouth_left': (206, 419), 'mouth_right': (291, 422)}"
30,"[133, 221, 215, 262]",0.9999966621398926,"{'left_eye': (204, 315), 'right_eye': (299, 318), 'nose': (252, 365), 'mouth_left': (206, 420), 'mouth_right': (291, 423)}"
31,"[132, 221, 216, 262]",0.9999974966049194,"{'left_eye': (204, 315), 'right_eye': (298, 317), 'nose': (252, 365), 'mouth_left': (206, 420), 'mouth_right': (291, 422)}"
32,"[133, 218, 215, 262]",0.9999959468841553,"{'left_eye': (203, 316), 'right_eye': (298, 318), 'nose': (250, 369), 'mouth_left': (205, 420), 'mouth_right': (291, 421)}"
33,"[133, 221, 215, 263]",0.9999971389770508,"{'left_eye': (205, 315), 'right_eye': (299, 318), 'nose': (253, 366), 'mouth_left': (206, 421), 'mouth_right': (291, 423)}"
34,"[132, 220, 215, 263]",0.9999969005584717,"{'left_eye': (204, 315), 'right_eye': (299, 317), 'nose': (252, 366), 'mouth_left': (206, 421), 'mouth_right': (291, 423)}"
35,"[132, 220, 215, 262]",0.9999977350234985,"{'left_eye': (204, 316), 'right_eye': (298, 318), 'nose': (252, 367), 'mouth_left': (206, 420), 'mouth_right': (291, 422)}"
36,"[141, 221, 203, 245]",0.999690055847168,"{'left_eye': (203, 318), 'right_eye': (297, 318), 'nose': (247, 366), 'mouth_left': (208, 416), 'mouth_right': (293, 416)}"
37,"[136, 222, 206, 241]",0.9998044371604919,"{'left_eye': (203, 316), 'right_eye': (296, 317), 'nose': (249, 362), 'mouth_left': (211, 413), 'mouth_right': (284, 415)}"
38,"[136, 221, 209, 241]",0.9999986886978149,"{'left_eye': (204, 318), 'right_eye': (295, 318), 'nose': (251, 363), 'mouth_left': (213, 412), 'mouth_right': (287, 414)}"
39,"[135, 222, 206, 241]",0.9997928738594055,"{'left_eye': (203, 317), 'right_eye': (296, 318), 'nose': (249, 362), 'mouth_left': (211, 413), 'mouth_right': (284, 415)}"
40,"[135, 222, 206, 241]",0.999762237071991,"{'left_eye': (203, 317), 'right_eye': (296, 318), 'nose': (249, 362), 'mouth_left': (212, 413), 'mouth_right': (284, 415)}"
41,"[135, 223, 206, 241]",0.9998149275779724,"{'left_eye': (203, 317), 'right_eye': (296, 317), 'nose': (249, 363), 'mouth_left': (211, 414), 'mouth_right': (284, 416)}"
42,"[134, 222, 207, 242]",0.99970942735672,"{'left_eye': (203, 316), 'right_eye': (296, 317), 'nose': (250, 362), 'mouth_left': (212, 413), 'mouth_right': (283, 415)}"
43,"[133, 218, 216, 264]",0.9999971389770508,"{'left_eye': (203, 315), 'right_eye': (299, 317), 'nose': (251, 369), 'mouth_left': (205, 421), 'mouth_right': (291, 423)}"
44,"[133, 218, 215, 264]",0.9999973773956299,"{'left_eye': (203, 315), 'right_eye': (299, 317), 'nose': (251, 369), 'mouth_left': (205, 422), 'mouth_right': (291, 423)}"
45,"[133, 218, 215, 264]",0.9999971389770508,"{'left_eye': (203, 315), 'right_eye': (299, 317), 'nose': (252, 368), 'mouth_left': (206, 422), 'mouth_right': (291, 423)}"
46,"[134, 217, 215, 265]",0.9999961853027344,"{'left_eye': (203, 314), 'right_eye': (299, 317), 'nose': (251, 369), 'mouth_left': (205, 422), 'mouth_right': (291, 423)}"
47,"[133, 220, 215, 263]",0.9999977350234985,"{'left_eye': (204, 315), 'right_eye': (299, 317), 'nose': (252, 367), 'mouth_left': (206, 421), 'mouth_right': (291, 423)}"
48,"[133, 218, 215, 263]",0.9999980926513672,"{'left_eye': (203, 315), 'right_eye': (299, 317), 'nose': (251, 369), 'mouth_left': (205, 421), 'mouth_right': (292, 422)}"
49,"[134, 217, 215, 265]",0.9999954700469971,"{'left_eye': (203, 315), 'right_eye': (299, 317), 'nose': (251, 369), 'mouth_left': (206, 422), 'mouth_right': (292, 423)}"
50,"[133, 220, 215, 262]",0.9999980926513672,"{'left_eye': (204, 315), 'right_eye': (300, 318), 'nose': (253, 369), 'mouth_left': (207, 421), 'mouth_right': (293, 423)}"
51,"[134, 221, 215, 263]",0.9999982118606567,"{'left_eye': (206, 315), 'right_eye': (300, 317), 'nose': (254, 366), 'mouth_left': (207, 421), 'mouth_right': (292, 422)}"
52,"[135, 218, 215, 260]",0.9999978542327881,"{'left_eye': (204, 315), 'right_eye': (299, 318), 'nose': (252, 368), 'mouth_left': (207, 420), 'mouth_right': (291, 422)}"
53,"[136, 219, 213, 260]",0.9999971389770508,"{'left_eye': (204, 316), 'right_eye': (299, 318), 'nose': (252, 368), 'mouth_left': (207, 420), 'mouth_right': (292, 422)}"
54,"[138, 221, 204, 238]",0.9999892711639404,"{'left_eye': (205, 317), 'right_eye': (298, 318), 'nose': (252, 362), 'mouth_left': (214, 413), 'mouth_right': (285, 415)}"
55,"[139, 221, 204, 238]",0.9999890327453613,"{'left_eye': (205, 317), 'right_eye': (299, 318), 'nose': (252, 363), 'mouth_left': (214, 413), 'mouth_right': (285, 415)}"
56,"[138, 220, 205, 240]",0.9999809265136719,"{'left_eye': (206, 317), 'right_eye': (298, 318), 'nose': (253, 364), 'mouth_left': (215, 413), 'mouth_right': (286, 416)}"
57,"[137, 216, 215, 263]",0.9999964237213135,"{'left_eye': (205, 316), 'right_eye': (300, 318), 'nose': (253, 366), 'mouth_left': (208, 420), 'mouth_right': (293, 422)}"
58,"[136, 221, 208, 243]",0.9998385906219482,"{'left_eye': (206, 316), 'right_eye': (299, 318), 'nose': (253, 363), 'mouth_left': (214, 413), 'mouth_right': (286, 416)}"
59,"[134, 215, 217, 269]",0.9999942779541016,"{'left_eye': (205, 311), 'right_eye': (301, 315), 'nose': (251, 365), 'mouth_left': (205, 416), 'mouth_right': (296, 420)}"
60,"[135, 215, 217, 268]",0.9999942779541016,"{'left_eye': (205, 312), 'right_eye': (301, 315), 'nose': (251, 365), 'mouth_left': (205, 416), 'mouth_right': (295, 421)}"
61,"[137, 216, 217, 269]",0.9999580383300781,"{'left_eye': (206, 314), 'right_eye': (301, 315), 'nose': (252, 370), 'mouth_left': (207, 423), 'mouth_right': (296, 424)}"
62,"[134, 216, 217, 268]",0.999994158744812,"{'left_eye': (205, 312), 'right_eye': (301, 315), 'nose': (251, 366), 'mouth_left': (205, 417), 'mouth_right': (295, 421)}"
63,"[135, 216, 216, 268]",0.9999936819076538,"{'left_eye': (205, 312), 'right_eye': (301, 315), 'nose': (251, 367), 'mouth_left': (205, 417), 'mouth_right': (295, 421)}"
64,"[135, 217, 215, 267]",0.999992847442627,"{'left_eye': (206, 312), 'right_eye': (301, 316), 'nose': (251, 368), 'mouth_left': (206, 417), 'mouth_right': (295, 422)}"
65,"[136, 219, 215, 261]",0.9999984502792358,"{'left_eye': (206, 316), 'right_eye': (301, 318), 'nose': (254, 369), 'mouth_left': (209, 421), 'mouth_right': (294, 422)}"
66,"[136, 216, 216, 267]",0.9999938011169434,"{'left_eye': (206, 312), 'right_eye': (302, 315), 'nose': (252, 367), 'mouth_left': (206, 417), 'mouth_right': (296, 421)}"
67,"[136, 219, 215, 264]",0.9999942779541016,"{'left_eye': (207, 313), 'right_eye': (302, 316), 'nose': (253, 368), 'mouth_left': (207, 417), 'mouth_right': (296, 421)}"
68,"[139, 224, 211, 256]",0.9999879598617554,"{'left_eye': (207, 313), 'right_eye': (302, 316), 'nose': (253, 367), 'mouth_left': (208, 418), 'mouth_right': (295, 421)}"
69,"[140, 225, 211, 255]",0.999988317489624,"{'left_eye': (207, 313), 'right_eye': (301, 316), 'nose': (253, 366), 'mouth_left': (209, 418), 'mouth_right': (295, 421)}"
70,"[136, 220, 215, 263]",0.9999922513961792,"{'left_eye': (207, 313), 'right_eye': (302, 316), 'nose': (252, 368), 'mouth_left': (207, 417), 'mouth_right': (296, 421)}"
71,"[136, 218, 216, 265]",0.9999936819076538,"{'left_eye': (206, 313), 'right_eye': (302, 315), 'nose': (253, 366), 'mouth_left': (208, 417), 'mouth_right': (297, 420)}"
72,"[136, 218, 215, 265]",0.9999936819076538,"{'left_eye': (207, 313), 'right_eye': (302, 315), 'nose': (253, 366), 'mouth_left': (207, 416), 'mouth_right': (297, 420)}"
73,"[138, 224, 212, 257]",0.9999905824661255,"{'left_eye': (208, 313), 'right_eye': (302, 317), 'nose': (253, 367), 'mouth_left': (208, 418), 'mouth_right': (295, 422)}"
74,"[138, 221, 215, 261]",0.9999940395355225,"{'left_eye': (207, 313), 'right_eye': (302, 316), 'nose': (254, 367), 'mouth_left': (209, 418), 'mouth_right': (297, 421)}"
75,"[139, 224, 212, 258]",0.9999912977218628,"{'left_eye': (208, 313), 'right_eye': (302, 317), 'nose': (253, 368), 'mouth_left': (208, 418), 'mouth_right': (296, 422)}"
76,"[137, 221, 215, 261]",0.9999932050704956,"{'left_eye': (208, 313), 'right_eye': (303, 316), 'nose': (254, 368), 'mouth_left': (209, 418), 'mouth_right': (296, 422)}"
77,"[138, 223, 213, 259]",0.9999924898147583,"{'left_eye': (208, 314), 'right_eye': (303, 317), 'nose': (254, 368), 'mouth_left': (209, 419), 'mouth_right': (295, 422)}"
78,"[138, 222, 214, 261]",0.9999932050704956,"{'left_eye': (208, 313), 'right_eye': (303, 316), 'nose': (254, 368), 'mouth_left': (209, 419), 'mouth_right': (296, 422)}"
79,"[137, 220, 216, 264]",0.9999936819076538,"{'left_eye': (207, 314), 'right_eye': (302, 316), 'nose': (253, 367), 'mouth_left': (208, 418), 'mouth_right': (297, 421)}"
80,"[139, 224, 212, 257]",0.9999896287918091,"{'left_eye': (209, 313), 'right_eye': (303, 317), 'nose': (254, 367), 'mouth_left': (210, 420), 'mouth_right': (295, 423)}"
81,"[140, 224, 212, 257]",0.999990701675415,"{'left_eye': (209, 314), 'right_eye': (304, 317), 'nose': (255, 367), 'mouth_left': (211, 421), 'mouth_right': (295, 423)}"
82,"[140, 223, 212, 260]",0.9999889135360718,"{'left_eye': (210, 315), 'right_eye': (304, 317), 'nose': (256, 365), 'mouth_left': (212, 422), 'mouth_right': (296, 424)}"
83,"[139, 222, 216, 261]",0.9999908208847046,"{'left_eye': (211, 314), 'right_eye': (305, 317), 'nose': (257, 365), 'mouth_left': (212, 422), 'mouth_right': (297, 424)}"
84,"[138, 222, 218, 264]",0.9999942779541016,"{'left_eye': (211, 314), 'right_eye': (306, 316), 'nose': (258, 366), 'mouth_left': (212, 422), 'mouth_right': (298, 424)}"
85,"[137, 221, 219, 265]",0.9999955892562866,"{'left_eye': (212, 315), 'right_eye': (306, 316), 'nose': (259, 367), 'mouth_left': (213, 422), 'mouth_right': (299, 424)}"
86,"[137, 222, 219, 264]",0.9999957084655762,"{'left_eye': (212, 315), 'right_eye': (306, 316), 'nose': (259, 366), 'mouth_left': (213, 422), 'mouth_right': (300, 424)}"
87,"[137, 220, 219, 266]",0.9999959468841553,"{'left_eye': (211, 315), 'right_eye': (306, 316), 'nose': (258, 368), 'mouth_left': (213, 422), 'mouth_right': (299, 424)}"
88,"[137, 221, 219, 266]",0.9999961853027344,"{'left_eye': (211, 315), 'right_eye': (306, 317), 'nose': (258, 367), 'mouth_left': (213, 422), 'mouth_right': (299, 424)}"
89,"[138, 220, 219, 266]",0.9999977350234985,"{'left_eye': (212, 316), 'right_eye': (306, 317), 'nose': (259, 367), 'mouth_left': (214, 420), 'mouth_right': (299, 422)}"
90,"[137, 221, 219, 268]",0.9999966621398926,"{'left_eye': (211, 316), 'right_eye': (305, 317), 'nose': (258, 368), 'mouth_left': (213, 423), 'mouth_right': (299, 425)}"
91,"[144, 222, 208, 245]",0.9999971389770508,"{'left_eye': (210, 320), 'right_eye': (303, 320), 'nose': (259, 364), 'mouth_left': (221, 415), 'mouth_right': (293, 417)}"
92,"[138, 218, 219, 269]",0.9999985694885254,"{'left_eye': (212, 317), 'right_eye': (305, 317), 'nose': (259, 368), 'mouth_left': (214, 421), 'mouth_right': (299, 423)}"
93,"[137, 218, 220, 272]",0.9999977350234985,"{'left_eye': (211, 317), 'right_eye': (306, 317), 'nose': (259, 368), 'mouth_left': (214, 423), 'mouth_right': (299, 425)}"
94,"[138, 219, 220, 270]",0.9999982118606567,"{'left_eye': (211, 317), 'right_eye': (306, 318), 'nose': (259, 369), 'mouth_left': (214, 422), 'mouth_right': (299, 424)}"
95,"[139, 219, 218, 267]",0.9999991655349731,"{'left_eye': (212, 317), 'right_eye': (306, 318), 'nose': (259, 368), 'mouth_left': (215, 421), 'mouth_right': (299, 423)}"
96,"[138, 219, 218, 268]",0.9999986886978149,"{'left_eye': (212, 317), 'right_eye': (306, 317), 'nose': (259, 368), 'mouth_left': (214, 421), 'mouth_right': (299, 423)}"
97,"[137, 218, 219, 271]",0.9999972581863403,"{'left_eye': (211, 317), 'right_eye': (306, 317), 'nose': (259, 369), 'mouth_left': (214, 423), 'mouth_right': (299, 425)}"
98,"[137, 217, 219, 270]",0.9999979734420776,"{'left_eye': (211, 316), 'right_eye': (306, 316), 'nose': (259, 368), 'mouth_left': (214, 421), 'mouth_right': (299, 422)}"
99,"[137, 218, 219, 269]",0.9999960660934448,"{'left_eye': (211, 316), 'right_eye': (306, 316), 'nose': (259, 369), 'mouth_left': (214, 423), 'mouth_right': (299, 424)}"
100,"[138, 218, 217, 266]",0.9999933242797852,"{'left_eye': (211, 315), 'right_eye': (307, 315), 'nose': (258, 368), 'mouth_left': (214, 421), 'mouth_right': (299, 423)}"
101,"[139, 217, 217, 265]",0.9999940395355225,"{'left_eye': (210, 313), 'right_eye': (306, 314), 'nose': (257, 364), 'mouth_left': (213, 418), 'mouth_right': (298, 420)}"
102,"[140, 217, 215, 261]",0.9999939203262329,"{'left_eye': (212, 310), 'right_eye': (307, 312), 'nose': (259, 358), 'mouth_left': (214, 416), 'mouth_right': (299, 418)}"
103,"[144, 218, 211, 242]",0.9999985694885254,"{'left_eye': (212, 313), 'right_eye': (305, 312), 'nose': (260, 356), 'mouth_left': (222, 408), 'mouth_right': (296, 409)}"
104,"[144, 215, 210, 241]",0.9999982118606567,"{'left_eye': (211, 311), 'right_eye': (305, 311), 'nose': (261, 353), 'mouth_left': (222, 405), 'mouth_right': (296, 406)}"
105,"[145, 213, 210, 241]",0.999996542930603,"{'left_eye': (212, 310), 'right_eye': (305, 309), 'nose': (261, 352), 'mouth_left': (223, 404), 'mouth_right': (297, 405)}"
106,"[146, 215, 209, 241]",0.9999985694885254,"{'left_eye': (213, 309), 'right_eye': (306, 308), 'nose': (261, 349), 'mouth_left': (222, 403), 'mouth_right': (298, 404)}"
107,"[144, 209, 214, 267]",0.9999982118606567,"{'left_eye': (212, 305), 'right_eye': (307, 307), 'nose': (257, 348), 'mouth_left': (215, 409), 'mouth_right': (298, 411)}"
108,"[145, 215, 210, 241]",0.9999978542327881,"{'left_eye': (212, 310), 'right_eye': (306, 310), 'nose': (261, 352), 'mouth_left': (222, 404), 'mouth_right': (297, 405)}"
109,"[143, 214, 214, 264]",0.9999946355819702,"{'left_eye': (212, 309), 'right_eye': (310, 311), 'nose': (260, 358), 'mouth_left': (215, 416), 'mouth_right': (301, 419)}"
110,"[139, 216, 218, 267]",0.9999963045120239,"{'left_eye': (212, 315), 'right_eye': (309, 315), 'nose': (261, 369), 'mouth_left': (216, 422), 'mouth_right': (301, 423)}"
111,"[139, 225, 217, 258]",0.9999971389770508,"{'left_eye': (215, 319), 'right_eye': (309, 320), 'nose': (263, 373), 'mouth_left': (215, 419), 'mouth_right': (303, 422)}"
112,"[145, 228, 212, 247]",0.9999610185623169,"{'left_eye': (216, 324), 'right_eye': (309, 324), 'nose': (263, 375), 'mouth_left': (222, 421), 'mouth_right': (303, 421)}"
113,"[150, 233, 207, 243]",0.9999362230300903,"{'left_eye': (216, 328), 'right_eye': (309, 329), 'nose': (261, 380), 'mouth_left': (225, 426), 'mouth_right': (301, 427)}"
114,"[146, 233, 207, 243]",0.9999632835388184,"{'left_eye': (216, 332), 'right_eye': (308, 333), 'nose': (263, 384), 'mouth_left': (226, 429), 'mouth_right': (297, 431)}"
115,"[148, 238, 204, 245]",0.9999617338180542,"{'left_eye': (216, 336), 'right_eye': (308, 338), 'nose': (262, 390), 'mouth_left': (224, 434), 'mouth_right': (295, 437)}"
116,"[143, 236, 214, 256]",0.9999493360519409,"{'left_eye': (214, 340), 'right_eye': (309, 342), 'nose': (260, 396), 'mouth_left': (218, 441), 'mouth_right': (299, 442)}"
117,"[151, 249, 207, 247]",0.9999222755432129,"{'left_eye': (215, 345), 'right_eye': (312, 347), 'nose': (258, 404), 'mouth_left': (221, 450), 'mouth_right': (300, 451)}"
118,"[146, 249, 207, 248]",0.9997989535331726,"{'left_eye': (214, 349), 'right_eye': (309, 352), 'nose': (262, 404), 'mouth_left': (224, 447), 'mouth_right': (295, 449)}"
119,"[152, 258, 204, 241]",0.9999090433120728,"{'left_eye': (213, 354), 'right_eye': (311, 355), 'nose': (257, 410), 'mouth_left': (223, 455), 'mouth_right': (301, 456)}"
120,"[150, 264, 205, 236]",0.9998506307601929,"{'left_eye': (213, 356), 'right_eye': (309, 355), 'nose': (259, 411), 'mouth_left': (225, 456), 'mouth_right': (300, 456)}"
121,"[152, 269, 201, 230]",0.9999409914016724,"{'left_eye': (214, 358), 'right_eye': (309, 358), 'nose': (259, 414), 'mouth_left': (225, 457), 'mouth_right': (298, 458)}"
122,"[151, 270, 200, 232]",0.9999083280563354,"{'left_eye': (212, 361), 'right_eye': (308, 361), 'nose': (258, 417), 'mouth_left': (224, 461), 'mouth_right': (297, 461)}"
123,"[151, 270, 201, 232]",0.9999387264251709,"{'left_eye': (213, 361), 'right_eye': (309, 362), 'nose': (257, 418), 'mouth_left': (224, 461), 'mouth_right': (297, 462)}"
124,"[150, 266, 202, 236]",0.999954342842102,"{'left_eye': (212, 361), 'right_eye': (309, 362), 'nose': (258, 418), 'mouth_left': (224, 462), 'mouth_right': (297, 463)}"
125,"[149, 266, 203, 236]",0.9999450445175171,"{'left_eye': (212, 361), 'right_eye': (310, 362), 'nose': (258, 418), 'mouth_left': (224, 462), 'mouth_right': (297, 462)}"
126,"[148, 265, 206, 237]",0.9999387264251709,"{'left_eye': (213, 358), 'right_eye': (310, 358), 'nose': (260, 415), 'mouth_left': (225, 458), 'mouth_right': (298, 459)}"
127,"[148, 261, 205, 240]",0.9997624754905701,"{'left_eye': (213, 356), 'right_eye': (308, 356), 'nose': (258, 412), 'mouth_left': (226, 456), 'mouth_right': (297, 456)}"
128,"[145, 252, 209, 252]",0.9996401071548462,"{'left_eye': (212, 352), 'right_eye': (310, 353), 'nose': (260, 409), 'mouth_left': (222, 453), 'mouth_right': (296, 455)}"
129,"[141, 244, 219, 257]",0.9999328851699829,"{'left_eye': (212, 348), 'right_eye': (309, 348), 'nose': (259, 404), 'mouth_left': (221, 451), 'mouth_right': (299, 451)}"
130,"[143, 244, 212, 248]",0.999876856803894,"{'left_eye': (213, 343), 'right_eye': (309, 344), 'nose': (260, 400), 'mouth_left': (224, 444), 'mouth_right': (295, 445)}"
131,"[145, 239, 209, 245]",0.9999774694442749,"{'left_eye': (212, 338), 'right_eye': (308, 339), 'nose': (259, 392), 'mouth_left': (223, 438), 'mouth_right': (294, 439)}"
132,"[143, 232, 211, 249]",0.9999028444290161,"{'left_eye': (213, 333), 'right_eye': (306, 332), 'nose': (260, 385), 'mouth_left': (225, 432), 'mouth_right': (296, 433)}"
133,"[145, 229, 210, 249]",0.9999929666519165,"{'left_eye': (211, 328), 'right_eye': (307, 327), 'nose': (260, 379), 'mouth_left': (222, 428), 'mouth_right': (296, 429)}"
134,"[135, 221, 222, 268]",0.99998939037323,"{'left_eye': (210, 322), 'right_eye': (308, 321), 'nose': (259, 378), 'mouth_left': (214, 427), 'mouth_right': (303, 428)}"
135,"[137, 218, 220, 270]",0.9999957084655762,"{'left_eye': (212, 317), 'right_eye': (308, 317), 'nose': (260, 371), 'mouth_left': (214, 424), 'mouth_right': (302, 426)}"
136,"[138, 214, 217, 270]",0.9999958276748657,"{'left_eye': (211, 311), 'right_eye': (308, 313), 'nose': (258, 360), 'mouth_left': (214, 419), 'mouth_right': (298, 421)}"
137,"[143, 211, 216, 267]",0.9999983310699463,"{'left_eye': (212, 306), 'right_eye': (308, 309), 'nose': (257, 353), 'mouth_left': (215, 412), 'mouth_right': (300, 414)}"
138,"[144, 206, 214, 267]",0.999998927116394,"{'left_eye': (214, 302), 'right_eye': (309, 306), 'nose': (259, 348), 'mouth_left': (216, 407), 'mouth_right': (298, 410)}"
139,"[152, 212, 203, 237]",0.9999217987060547,"{'left_eye': (214, 300), 'right_eye': (307, 300), 'nose': (258, 341), 'mouth_left': (221, 396), 'mouth_right': (298, 396)}"
140,"[150, 211, 202, 233]",0.9997794032096863,"{'left_eye': (214, 299), 'right_eye': (305, 297), 'nose': (261, 334), 'mouth_left': (223, 390), 'mouth_right': (297, 391)}"
141,"[150, 212, 204, 237]",0.9999971389770508,"{'left_eye': (213, 297), 'right_eye': (305, 298), 'nose': (258, 328), 'mouth_left': (221, 387), 'mouth_right': (295, 391)}"
142,"[150, 209, 203, 234]",0.9999977350234985,"{'left_eye': (212, 296), 'right_eye': (304, 295), 'nose': (258, 325), 'mouth_left': (222, 386), 'mouth_right': (297, 387)}"
143,"[150, 209, 202, 233]",0.9999960660934448,"{'left_eye': (213, 294), 'right_eye': (304, 294), 'nose': (258, 323), 'mouth_left': (222, 384), 'mouth_right': (297, 386)}"
144,"[152, 210, 200, 230]",0.9999945163726807,"{'left_eye': (213, 293), 'right_eye': (304, 293), 'nose': (259, 321), 'mouth_left': (222, 382), 'mouth_right': (297, 384)}"
145,"[152, 211, 200, 228]",0.9999929666519165,"{'left_eye': (213, 292), 'right_eye': (304, 292), 'nose': (259, 321), 'mouth_left': (223, 381), 'mouth_right': (297, 383)}"
146,"[152, 211, 200, 229]",0.9999954700469971,"{'left_eye': (213, 292), 'right_eye': (305, 292), 'nose': (259, 320), 'mouth_left': (222, 381), 'mouth_right': (297, 383)}"
147,"[151, 211, 201, 229]",0.9999924898147583,"{'left_eye': (213, 294), 'right_eye': (304, 293), 'nose': (259, 322), 'mouth_left': (223, 382), 'mouth_right': (297, 384)}"
148,"[151, 211, 202, 231]",0.9999957084655762,"{'left_eye': (214, 295), 'right_eye': (305, 294), 'nose': (259, 325), 'mouth_left': (223, 384), 'mouth_right': (298, 386)}"
149,"[154, 199, 203, 245]",0.999998927116394,"{'left_eye': (212, 290), 'right_eye': (311, 292), 'nose': (258, 332), 'mouth_left': (214, 390), 'mouth_right': (299, 388)}"
150,"[154, 202, 199, 250]",0.9999996423721313,"{'left_eye': (213, 296), 'right_eye': (308, 298), 'nose': (258, 335), 'mouth_left': (216, 395), 'mouth_right': (298, 394)}"
151,"[153, 207, 202, 252]",0.9999990463256836,"{'left_eye': (216, 301), 'right_eye': (311, 303), 'nose': (261, 342), 'mouth_left': (217, 400), 'mouth_right': (301, 399)}"
152,"[151, 218, 204, 236]",0.999998927116394,"{'left_eye': (216, 308), 'right_eye': (308, 307), 'nose': (264, 347), 'mouth_left': (226, 401), 'mouth_right': (299, 402)}"
153,"[149, 219, 207, 238]",0.9999986886978149,"{'left_eye': (217, 313), 'right_eye': (308, 311), 'nose': (264, 355), 'mouth_left': (227, 406), 'mouth_right': (300, 406)}"
154,"[143, 220, 214, 259]",0.9999992847442627,"{'left_eye': (216, 314), 'right_eye': (310, 315), 'nose': (263, 365), 'mouth_left': (219, 414), 'mouth_right': (302, 417)}"
155,"[146, 225, 209, 242]",0.9999884366989136,"{'left_eye': (217, 322), 'right_eye': (309, 322), 'nose': (264, 369), 'mouth_left': (227, 418), 'mouth_right': (299, 420)}"
156,"[151, 234, 207, 241]",0.9999659061431885,"{'left_eye': (216, 327), 'right_eye': (309, 326), 'nose': (262, 378), 'mouth_left': (228, 426), 'mouth_right': (302, 425)}"
157,"[148, 233, 206, 244]",0.9999749660491943,"{'left_eye': (216, 332), 'right_eye': (308, 332), 'nose': (264, 383), 'mouth_left': (227, 429), 'mouth_right': (297, 431)}"
158,"[146, 240, 212, 246]",0.9999281167984009,"{'left_eye': (216, 338), 'right_eye': (310, 339), 'nose': (263, 390), 'mouth_left': (227, 436), 'mouth_right': (300, 436)}"
159,"[144, 239, 216, 257]",0.9999020099639893,"{'left_eye': (216, 343), 'right_eye': (311, 344), 'nose': (262, 398), 'mouth_left': (225, 443), 'mouth_right': (301, 444)}"
160,"[150, 253, 211, 250]",0.9999381303787231,"{'left_eye': (216, 349), 'right_eye': (313, 349), 'nose': (260, 407), 'mouth_left': (226, 454), 'mouth_right': (304, 453)}"
161,"[151, 260, 205, 241]",0.9999425411224365,"{'left_eye': (215, 355), 'right_eye': (311, 356), 'nose': (261, 410), 'mouth_left': (227, 455), 'mouth_right': (300, 455)}"
162,"[150, 267, 208, 240]",0.9994534850120544,"{'left_eye': (215, 360), 'right_eye': (314, 360), 'nose': (263, 415), 'mouth_left': (226, 460), 'mouth_right': (305, 460)}"
163,"[146, 261, 216, 249]",0.9996589422225952,"{'left_eye': (216, 361), 'right_eye': (315, 360), 'nose': (264, 420), 'mouth_left': (226, 461), 'mouth_right': (306, 460)}"
164,"[142, 258, 227, 264]",0.9997732043266296,"{'left_eye': (213, 365), 'right_eye': (316, 367), 'nose': (264, 426), 'mouth_left': (221, 470), 'mouth_right': (304, 470)}"
165,"[153, 275, 206, 235]",0.9996966123580933,"{'left_eye': (215, 366), 'right_eye': (315, 367), 'nose': (261, 424), 'mouth_left': (224, 466), 'mouth_right': (305, 466)}"
166,"[148, 265, 218, 256]",0.9998494386672974,"{'left_eye': (214, 366), 'right_eye': (315, 367), 'nose': (259, 427), 'mouth_left': (224, 471), 'mouth_right': (305, 470)}"
167,"[146, 267, 215, 247]",0.9997379183769226,"{'left_eye': (215, 366), 'right_eye': (314, 366), 'nose': (264, 427), 'mouth_left': (226, 466), 'mouth_right': (305, 466)}"
168,"[146, 266, 215, 248]",0.9996663331985474,"{'left_eye': (215, 366), 'right_eye': (314, 366), 'nose': (264, 426), 'mouth_left': (226, 466), 'mouth_right': (305, 466)}"
169,"[147, 273, 210, 238]",0.9996733665466309,"{'left_eye': (214, 367), 'right_eye': (313, 367), 'nose': (262, 424), 'mouth_left': (226, 468), 'mouth_right': (302, 467)}"
170,"[141, 260, 227, 265]",0.9997760653495789,"{'left_eye': (212, 366), 'right_eye': (315, 367), 'nose': (263, 426), 'mouth_left': (221, 471), 'mouth_right': (303, 471)}"
171,"[151, 269, 208, 237]",0.9999426603317261,"{'left_eye': (215, 361), 'right_eye': (312, 361), 'nose': (261, 417), 'mouth_left': (227, 461), 'mouth_right': (302, 462)}"
172,"[150, 263, 207, 241]",0.9998199343681335,"{'left_eye': (215, 359), 'right_eye': (311, 358), 'nose': (261, 413), 'mouth_left': (228, 458), 'mouth_right': (300, 458)}"
173,"[146, 255, 214, 253]",0.9996246099472046,"{'left_eye': (216, 354), 'right_eye': (314, 354), 'nose': (263, 411), 'mouth_left': (227, 457), 'mouth_right': (305, 457)}"
174,"[145, 247, 214, 256]",0.999788224697113,"{'left_eye': (215, 351), 'right_eye': (312, 350), 'nose': (262, 405), 'mouth_left': (227, 453), 'mouth_right': (301, 453)}"
175,"[145, 246, 211, 247]",0.9997064471244812,"{'left_eye': (215, 346), 'right_eye': (309, 346), 'nose': (263, 401), 'mouth_left': (228, 446), 'mouth_right': (297, 446)}"
176,"[146, 238, 213, 251]",0.9999783039093018,"{'left_eye': (215, 342), 'right_eye': (311, 343), 'nose': (263, 396), 'mouth_left': (226, 442), 'mouth_right': (297, 443)}"
177,"[145, 235, 214, 250]",0.9999792575836182,"{'left_eye': (215, 339), 'right_eye': (310, 339), 'nose': (263, 391), 'mouth_left': (227, 438), 'mouth_right': (299, 439)}"
178,"[145, 234, 213, 248]",0.9999881982803345,"{'left_eye': (214, 336), 'right_eye': (309, 336), 'nose': (263, 387), 'mouth_left': (226, 435), 'mouth_right': (297, 435)}"
179,"[145, 232, 212, 248]",0.9999668598175049,"{'left_eye': (214, 334), 'right_eye': (308, 333), 'nose': (262, 385), 'mouth_left': (228, 432), 'mouth_right': (298, 432)}"
180,"[145, 231, 211, 246]",0.9999686479568481,"{'left_eye': (214, 333), 'right_eye': (308, 332), 'nose': (263, 383), 'mouth_left': (227, 431), 'mouth_right': (298, 431)}"
181,"[145, 231, 210, 247]",0.9999583959579468,"{'left_eye': (214, 332), 'right_eye': (307, 331), 'nose': (263, 382), 'mouth_left': (227, 430), 'mouth_right': (298, 431)}"
182,"[144, 231, 213, 250]",0.9999934434890747,"{'left_eye': (213, 331), 'right_eye': (307, 330), 'nose': (262, 379), 'mouth_left': (225, 430), 'mouth_right': (297, 431)}"
183,"[145, 230, 213, 250]",0.9999942779541016,"{'left_eye': (212, 329), 'right_eye': (307, 329), 'nose': (261, 378), 'mouth_left': (224, 429), 'mouth_right': (296, 430)}"
184,"[145, 230, 212, 250]",0.9999940395355225,"{'left_eye': (212, 330), 'right_eye': (307, 329), 'nose': (261, 379), 'mouth_left': (224, 429), 'mouth_right': (297, 430)}"
185,"[145, 230, 210, 247]",0.9999423027038574,"{'left_eye': (215, 331), 'right_eye': (307, 330), 'nose': (263, 380), 'mouth_left': (227, 429), 'mouth_right': (297, 429)}"
186,"[146, 230, 209, 247]",0.9999439716339111,"{'left_eye': (215, 331), 'right_eye': (307, 330), 'nose': (263, 380), 'mouth_left': (227, 429), 'mouth_right': (297, 429)}"
187,"[145, 230, 209, 246]",0.9999338388442993,"{'left_eye': (215, 330), 'right_eye': (307, 330), 'nose': (263, 380), 'mouth_left': (227, 429), 'mouth_right': (297, 430)}"
188,"[145, 230, 209, 246]",0.9999415874481201,"{'left_eye': (215, 331), 'right_eye': (307, 330), 'nose': (263, 380), 'mouth_left': (227, 429), 'mouth_right': (297, 430)}"
189,"[145, 230, 209, 246]",0.9999406337738037,"{'left_eye': (215, 331), 'right_eye': (308, 330), 'nose': (263, 380), 'mouth_left': (227, 429), 'mouth_right': (297, 430)}"
190,"[145, 230, 210, 247]",0.9999494552612305,"{'left_eye': (215, 331), 'right_eye': (308, 330), 'nose': (263, 380), 'mouth_left': (227, 429), 'mouth_right': (297, 430)}"
191,"[146, 230, 209, 247]",0.9999462366104126,"{'left_eye': (215, 331), 'right_eye': (308, 330), 'nose': (264, 380), 'mouth_left': (228, 429), 'mouth_right': (297, 430)}"
192,"[146, 230, 210, 247]",0.999950647354126,"{'left_eye': (215, 331), 'right_eye': (308, 330), 'nose': (264, 380), 'mouth_left': (227, 429), 'mouth_right': (297, 430)}"
193,"[147, 231, 212, 249]",0.9999969005584717,"{'left_eye': (213, 331), 'right_eye': (308, 330), 'nose': (262, 380), 'mouth_left': (225, 430), 'mouth_right': (297, 430)}"
194,"[146, 230, 209, 247]",0.9999516010284424,"{'left_eye': (215, 331), 'right_eye': (308, 330), 'nose': (264, 380), 'mouth_left': (228, 429), 'mouth_right': (297, 430)}"
195,"[146, 230, 209, 247]",0.9999487400054932,"{'left_eye': (216, 331), 'right_eye': (308, 330), 'nose': (264, 380), 'mouth_left': (228, 429), 'mouth_right': (298, 430)}"
196,"[146, 229, 209, 247]",0.9999525547027588,"{'left_eye': (216, 330), 'right_eye': (308, 330), 'nose': (264, 380), 'mouth_left': (228, 428), 'mouth_right': (297, 429)}"
197,"[149, 233, 210, 246]",0.9999990463256836,"{'left_eye': (214, 330), 'right_eye': (309, 329), 'nose': (263, 380), 'mouth_left': (226, 429), 'mouth_right': (298, 430)}"
198,"[149, 233, 210, 246]",0.999998927116394,"{'left_eye': (214, 330), 'right_eye': (308, 329), 'nose': (263, 380), 'mouth_left': (226, 429), 'mouth_right': (298, 430)}"
199,"[148, 230, 212, 248]",0.9999982118606567,"{'left_eye': (214, 330), 'right_eye': (309, 330), 'nose': (263, 380), 'mouth_left': (226, 429), 'mouth_right': (298, 430)}"
200,"[148, 231, 211, 247]",0.9999984502792358,"{'left_eye': (214, 330), 'right_eye': (309, 329), 'nose': (263, 380), 'mouth_left': (226, 429), 'mouth_right': (298, 430)}"
201,"[148, 231, 212, 247]",0.9999984502792358,"{'left_eye': (215, 331), 'right_eye': (309, 330), 'nose': (263, 381), 'mouth_left': (227, 429), 'mouth_right': (298, 430)}"
202,"[146, 230, 210, 247]",0.9999704360961914,"{'left_eye': (216, 332), 'right_eye': (309, 332), 'nose': (265, 382), 'mouth_left': (228, 430), 'mouth_right': (299, 431)}"
203,"[147, 230, 210, 248]",0.9999707937240601,"{'left_eye': (216, 332), 'right_eye': (309, 332), 'nose': (265, 382), 'mouth_left': (229, 430), 'mouth_right': (299, 431)}"
204,"[149, 232, 212, 247]",0.999998927116394,"{'left_eye': (215, 331), 'right_eye': (309, 330), 'nose': (264, 381), 'mouth_left': (226, 430), 'mouth_right': (300, 431)}"
205,"[146, 230, 211, 247]",0.9999657869338989,"{'left_eye': (216, 332), 'right_eye': (309, 331), 'nose': (265, 382), 'mouth_left': (228, 430), 'mouth_right': (299, 430)}"
206,"[148, 230, 212, 249]",0.9999982118606567,"{'left_eye': (215, 330), 'right_eye': (310, 330), 'nose': (264, 381), 'mouth_left': (227, 430), 'mouth_right': (299, 430)}"
207,"[149, 231, 210, 248]",0.9999991655349731,"{'left_eye': (216, 329), 'right_eye': (310, 328), 'nose': (265, 379), 'mouth_left': (227, 429), 'mouth_right': (300, 430)}"
208,"[149, 231, 211, 246]",0.9999023675918579,"{'left_eye': (216, 329), 'right_eye': (310, 327), 'nose': (263, 380), 'mouth_left': (229, 428), 'mouth_right': (303, 428)}"
209,"[148, 226, 210, 246]",0.9999769926071167,"{'left_eye': (217, 326), 'right_eye': (310, 325), 'nose': (265, 376), 'mouth_left': (229, 425), 'mouth_right': (299, 425)}"
210,"[147, 224, 212, 245]",0.9999841451644897,"{'left_eye': (217, 323), 'right_eye': (311, 322), 'nose': (265, 370), 'mouth_left': (230, 421), 'mouth_right': (299, 421)}"
211,"[142, 218, 221, 256]",0.999990701675415,"{'left_eye': (217, 318), 'right_eye': (312, 317), 'nose': (266, 367), 'mouth_left': (225, 418), 'mouth_right': (304, 418)}"
212,"[144, 216, 218, 253]",0.9999971389770508,"{'left_eye': (218, 313), 'right_eye': (313, 310), 'nose': (266, 361), 'mouth_left': (226, 412), 'mouth_right': (306, 413)}"
213,"[146, 213, 216, 264]",0.9999978542327881,"{'left_eye': (217, 308), 'right_eye': (315, 309), 'nose': (266, 355), 'mouth_left': (222, 416), 'mouth_right': (307, 417)}"
214,"[148, 207, 216, 262]",0.9999994039535522,"{'left_eye': (218, 303), 'right_eye': (314, 304), 'nose': (263, 346), 'mouth_left': (222, 406), 'mouth_right': (304, 408)}"
215,"[153, 210, 205, 235]",0.9999644756317139,"{'left_eye': (218, 300), 'right_eye': (311, 298), 'nose': (267, 338), 'mouth_left': (230, 393), 'mouth_right': (302, 394)}"
216,"[159, 210, 198, 228]",0.9999542236328125,"{'left_eye': (218, 296), 'right_eye': (311, 295), 'nose': (266, 331), 'mouth_left': (230, 387), 'mouth_right': (301, 388)}"
217,"[156, 203, 206, 234]",0.9999878406524658,"{'left_eye': (221, 290), 'right_eye': (313, 291), 'nose': (266, 320), 'mouth_left': (229, 386), 'mouth_right': (304, 386)}"
218,"[157, 210, 204, 230]",0.9999780654907227,"{'left_eye': (219, 287), 'right_eye': (313, 289), 'nose': (264, 318), 'mouth_left': (226, 388), 'mouth_right': (301, 387)}"
219,"[156, 190, 207, 259]",0.9998911619186401,"{'left_eye': (216, 281), 'right_eye': (321, 284), 'nose': (266, 331), 'mouth_left': (216, 396), 'mouth_right': (309, 393)}"
220,"[162, 205, 195, 218]",0.9998101592063904,"{'left_eye': (218, 282), 'right_eye': (309, 280), 'nose': (265, 309), 'mouth_left': (231, 369), 'mouth_right': (301, 368)}"
221,"[168, 207, 190, 211]",0.9999836683273315,"{'left_eye': (220, 283), 'right_eye': (310, 281), 'nose': (265, 308), 'mouth_left': (231, 366), 'mouth_right': (302, 366)}"
222,"[162, 199, 199, 225]",0.9999593496322632,"{'left_eye': (221, 281), 'right_eye': (311, 280), 'nose': (266, 303), 'mouth_left': (231, 367), 'mouth_right': (304, 369)}"
223,"[162, 202, 199, 221]",0.9999269247055054,"{'left_eye': (220, 282), 'right_eye': (311, 279), 'nose': (266, 303), 'mouth_left': (232, 367), 'mouth_right': (305, 367)}"
224,"[164, 199, 197, 218]",0.9999630451202393,"{'left_eye': (221, 283), 'right_eye': (311, 279), 'nose': (267, 305), 'mouth_left': (232, 367), 'mouth_right': (304, 367)}"
225,"[169, 204, 191, 217]",0.9999961853027344,"{'left_eye': (222, 283), 'right_eye': (311, 281), 'nose': (267, 309), 'mouth_left': (233, 368), 'mouth_right': (304, 367)}"
226,"[164, 202, 198, 221]",0.9999849796295166,"{'left_eye': (222, 287), 'right_eye': (313, 284), 'nose': (270, 310), 'mouth_left': (234, 372), 'mouth_right': (307, 372)}"
227,"[166, 209, 195, 219]",0.9999722242355347,"{'left_eye': (223, 286), 'right_eye': (315, 285), 'nose': (271, 315), 'mouth_left': (235, 373), 'mouth_right': (306, 374)}"
228,"[161, 203, 202, 230]",0.9999383687973022,"{'left_eye': (223, 287), 'right_eye': (317, 289), 'nose': (270, 316), 'mouth_left': (233, 382), 'mouth_right': (308, 381)}"
229,"[164, 212, 198, 223]",0.9999827146530151,"{'left_eye': (226, 294), 'right_eye': (317, 292), 'nose': (273, 324), 'mouth_left': (236, 383), 'mouth_right': (307, 383)}"
230,"[162, 212, 198, 228]",0.999984622001648,"{'left_eye': (226, 300), 'right_eye': (316, 299), 'nose': (274, 334), 'mouth_left': (237, 389), 'mouth_right': (307, 389)}"
231,"[159, 212, 204, 235]",0.9999905824661255,"{'left_eye': (226, 303), 'right_eye': (319, 303), 'nose': (276, 341), 'mouth_left': (238, 396), 'mouth_right': (309, 397)}"
232,"[160, 214, 206, 237]",0.9999772310256958,"{'left_eye': (227, 306), 'right_eye': (324, 308), 'nose': (273, 344), 'mouth_left': (236, 401), 'mouth_right': (313, 402)}"
233,"[157, 219, 213, 245]",0.9999862909317017,"{'left_eye': (228, 312), 'right_eye': (321, 313), 'nose': (276, 358), 'mouth_left': (237, 409), 'mouth_right': (312, 410)}"
234,"[159, 225, 208, 244]",0.9999197721481323,"{'left_eye': (228, 318), 'right_eye': (321, 319), 'nose': (274, 368), 'mouth_left': (238, 416), 'mouth_right': (313, 417)}"
235,"[157, 227, 209, 247]",0.9998186230659485,"{'left_eye': (228, 325), 'right_eye': (322, 325), 'nose': (275, 374), 'mouth_left': (239, 422), 'mouth_right': (312, 423)}"
236,"[155, 231, 211, 246]",0.9999219179153442,"{'left_eye': (228, 331), 'right_eye': (322, 331), 'nose': (276, 382), 'mouth_left': (239, 430), 'mouth_right': (310, 430)}"
237,"[156, 233, 212, 249]",0.9999902248382568,"{'left_eye': (228, 337), 'right_eye': (322, 336), 'nose': (275, 390), 'mouth_left': (238, 435), 'mouth_right': (310, 435)}"
238,"[155, 239, 214, 248]",0.9999922513961792,"{'left_eye': (227, 343), 'right_eye': (323, 342), 'nose': (276, 397), 'mouth_left': (239, 440), 'mouth_right': (311, 441)}"
239,"[155, 245, 212, 250]",0.9998056292533875,"{'left_eye': (227, 348), 'right_eye': (323, 348), 'nose': (275, 402), 'mouth_left': (238, 446), 'mouth_right': (310, 446)}"
240,"[150, 242, 224, 267]",0.9999001026153564,"{'left_eye': (225, 352), 'right_eye': (325, 351), 'nose': (274, 410), 'mouth_left': (236, 455), 'mouth_right': (314, 455)}"
241,"[161, 263, 210, 244]",0.9998738765716553,"{'left_eye': (224, 357), 'right_eye': (325, 358), 'nose': (271, 414), 'mouth_left': (236, 461), 'mouth_right': (315, 461)}"
242,"[152, 259, 219, 249]",0.9998620748519897,"{'left_eye': (223, 360), 'right_eye': (323, 358), 'nose': (272, 416), 'mouth_left': (237, 462), 'mouth_right': (314, 460)}"
243,"[149, 261, 221, 249]",0.9998817443847656,"{'left_eye': (222, 363), 'right_eye': (322, 361), 'nose': (272, 420), 'mouth_left': (236, 464), 'mouth_right': (314, 462)}"
244,"[149, 261, 222, 255]",0.9998346567153931,"{'left_eye': (222, 364), 'right_eye': (323, 363), 'nose': (273, 425), 'mouth_left': (235, 467), 'mouth_right': (314, 465)}"
245,"[149, 262, 221, 255]",0.9997826218605042,"{'left_eye': (221, 365), 'right_eye': (322, 364), 'nose': (272, 427), 'mouth_left': (234, 468), 'mouth_right': (313, 467)}"
246,"[148, 267, 220, 247]",0.9993890523910522,"{'left_eye': (219, 366), 'right_eye': (320, 365), 'nose': (269, 424), 'mouth_left': (233, 469), 'mouth_right': (310, 468)}"
247,"[149, 262, 220, 254]",0.9996609687805176,"{'left_eye': (219, 365), 'right_eye': (321, 364), 'nose': (270, 426), 'mouth_left': (232, 468), 'mouth_right': (312, 467)}"
248,"[146, 263, 226, 257]",0.9996997117996216,"{'left_eye': (216, 364), 'right_eye': (318, 363), 'nose': (268, 424), 'mouth_left': (229, 469), 'mouth_right': (310, 467)}"
249,"[145, 259, 226, 258]",0.9996203184127808,"{'left_eye': (217, 363), 'right_eye': (320, 363), 'nose': (270, 423), 'mouth_left': (230, 468), 'mouth_right': (311, 467)}"
250,"[146, 257, 221, 253]",0.999947190284729,"{'left_eye': (218, 361), 'right_eye': (317, 358), 'nose': (267, 417), 'mouth_left': (233, 462), 'mouth_right': (309, 459)}"
251,"[147, 254, 224, 259]",0.9992151260375977,"{'left_eye': (215, 356), 'right_eye': (318, 355), 'nose': (268, 414), 'mouth_left': (229, 462), 'mouth_right': (310, 460)}"
252,"[149, 246, 215, 257]",0.9997746348381042,"{'left_eye': (217, 350), 'right_eye': (317, 350), 'nose': (268, 408), 'mouth_left': (232, 454), 'mouth_right': (304, 454)}"
253,"[149, 242, 216, 253]",0.9999189376831055,"{'left_eye': (219, 345), 'right_eye': (317, 344), 'nose': (268, 401), 'mouth_left': (233, 447), 'mouth_right': (305, 446)}"
254,"[150, 237, 215, 248]",0.9999923706054688,"{'left_eye': (218, 340), 'right_eye': (315, 338), 'nose': (268, 393), 'mouth_left': (233, 440), 'mouth_right': (306, 440)}"
255,"[149, 232, 214, 251]",0.9999531507492065,"{'left_eye': (219, 334), 'right_eye': (314, 332), 'nose': (268, 387), 'mouth_left': (234, 435), 'mouth_right': (304, 434)}"
256,"[148, 229, 216, 252]",0.999920129776001,"{'left_eye': (219, 328), 'right_eye': (315, 325), 'nose': (267, 381), 'mouth_left': (233, 431), 'mouth_right': (308, 429)}"
257,"[142, 218, 223, 266]",0.9999779462814331,"{'left_eye': (217, 321), 'right_eye': (314, 319), 'nose': (265, 376), 'mouth_left': (225, 426), 'mouth_right': (307, 425)}"
258,"[142, 216, 223, 262]",0.9999971389770508,"{'left_eye': (217, 317), 'right_eye': (314, 314), 'nose': (266, 368), 'mouth_left': (225, 420), 'mouth_right': (307, 420)}"
259,"[146, 216, 216, 265]",0.9999994039535522,"{'left_eye': (216, 313), 'right_eye': (312, 312), 'nose': (264, 361), 'mouth_left': (222, 418), 'mouth_right': (305, 420)}"
260,"[146, 213, 217, 266]",0.9999977350234985,"{'left_eye': (214, 309), 'right_eye': (312, 308), 'nose': (262, 353), 'mouth_left': (222, 416), 'mouth_right': (305, 417)}"
261,"[149, 208, 214, 264]",0.9999985694885254,"{'left_eye': (216, 303), 'right_eye': (311, 304), 'nose': (260, 348), 'mouth_left': (221, 408), 'mouth_right': (302, 409)}"
262,"[148, 212, 209, 239]",0.9997393488883972,"{'left_eye': (215, 301), 'right_eye': (308, 297), 'nose': (263, 337), 'mouth_left': (228, 395), 'mouth_right': (299, 394)}"
263,"[149, 211, 208, 236]",0.9993705153465271,"{'left_eye': (213, 298), 'right_eye': (307, 293), 'nose': (262, 333), 'mouth_left': (228, 391), 'mouth_right': (299, 389)}"
264,"[156, 209, 201, 229]",0.9999734163284302,"{'left_eye': (213, 297), 'right_eye': (305, 291), 'nose': (259, 326), 'mouth_left': (227, 386), 'mouth_right': (298, 383)}"
265,"[152, 208, 203, 228]",0.9997695088386536,"{'left_eye': (211, 291), 'right_eye': (305, 287), 'nose': (258, 322), 'mouth_left': (226, 382), 'mouth_right': (298, 379)}"
266,"[155, 207, 202, 236]",0.9999963045120239,"{'left_eye': (213, 290), 'right_eye': (306, 288), 'nose': (258, 316), 'mouth_left': (222, 379), 'mouth_right': (298, 379)}"
267,"[155, 205, 199, 220]",0.9991589784622192,"{'left_eye': (214, 288), 'right_eye': (302, 283), 'nose': (260, 313), 'mouth_left': (228, 373), 'mouth_right': (298, 369)}"
268,"[160, 205, 193, 213]",0.9998292922973633,"{'left_eye': (214, 288), 'right_eye': (301, 279), 'nose': (258, 310), 'mouth_left': (228, 369), 'mouth_right': (298, 365)}"
269,"[160, 205, 194, 214]",0.9999334812164307,"{'left_eye': (215, 284), 'right_eye': (303, 279), 'nose': (258, 304), 'mouth_left': (227, 368), 'mouth_right': (298, 366)}"
270,"[161, 204, 195, 214]",0.9999783039093018,"{'left_eye': (212, 282), 'right_eye': (304, 275), 'nose': (258, 303), 'mouth_left': (225, 365), 'mouth_right': (299, 361)}"
271,"[159, 202, 192, 217]",0.9987917542457581,"{'left_eye': (215, 283), 'right_eye': (304, 276), 'nose': (261, 304), 'mouth_left': (228, 364), 'mouth_right': (300, 361)}"
272,"[162, 204, 192, 212]",0.9999293088912964,"{'left_eye': (213, 282), 'right_eye': (304, 276), 'nose': (260, 300), 'mouth_left': (227, 362), 'mouth_right': (299, 359)}"
273,"[163, 204, 192, 210]",0.9999474287033081,"{'left_eye': (214, 281), 'right_eye': (305, 276), 'nose': (261, 300), 'mouth_left': (228, 362), 'mouth_right': (300, 359)}"
274,"[163, 204, 192, 210]",0.9999586343765259,"{'left_eye': (214, 281), 'right_eye': (305, 276), 'nose': (261, 300), 'mouth_left': (228, 362), 'mouth_right': (300, 359)}"
275,"[162, 203, 194, 209]",0.9998608827590942,"{'left_eye': (218, 284), 'right_eye': (305, 278), 'nose': (263, 303), 'mouth_left': (231, 365), 'mouth_right': (301, 363)}"
276,"[161, 203, 196, 214]",0.9999250173568726,"{'left_eye': (219, 285), 'right_eye': (306, 280), 'nose': (263, 305), 'mouth_left': (231, 367), 'mouth_right': (301, 366)}"
277,"[164, 208, 189, 207]",0.9998946189880371,"{'left_eye': (219, 288), 'right_eye': (306, 283), 'nose': (263, 311), 'mouth_left': (232, 368), 'mouth_right': (301, 366)}"
278,"[159, 207, 194, 218]",0.9993950128555298,"{'left_eye': (220, 291), 'right_eye': (309, 286), 'nose': (267, 315), 'mouth_left': (231, 373), 'mouth_right': (301, 371)}"
279,"[158, 212, 196, 216]",0.9995647072792053,"{'left_eye': (221, 292), 'right_eye': (308, 290), 'nose': (267, 319), 'mouth_left': (233, 376), 'mouth_right': (302, 375)}"
280,"[162, 212, 195, 218]",0.9999459981918335,"{'left_eye': (221, 296), 'right_eye': (309, 291), 'nose': (266, 323), 'mouth_left': (233, 381), 'mouth_right': (302, 379)}"
281,"[161, 213, 196, 223]",0.9999769926071167,"{'left_eye': (220, 299), 'right_eye': (310, 296), 'nose': (266, 329), 'mouth_left': (232, 386), 'mouth_right': (303, 385)}"
282,"[160, 198, 205, 254]",0.9999986886978149,"{'left_eye': (218, 288), 'right_eye': (319, 294), 'nose': (264, 339), 'mouth_left': (217, 394), 'mouth_right': (307, 395)}"
283,"[159, 201, 206, 260]",0.9999988079071045,"{'left_eye': (219, 300), 'right_eye': (317, 303), 'nose': (263, 341), 'mouth_left': (221, 403), 'mouth_right': (307, 403)}"
284,"[154, 213, 212, 259]",0.9999988079071045,"{'left_eye': (220, 305), 'right_eye': (315, 306), 'nose': (264, 345), 'mouth_left': (226, 409), 'mouth_right': (305, 409)}"
285,"[151, 215, 215, 261]",0.9999971389770508,"{'left_eye': (221, 308), 'right_eye': (317, 308), 'nose': (269, 353), 'mouth_left': (228, 416), 'mouth_right': (307, 417)}"
286,"[150, 217, 216, 250]",0.9999973773956299,"{'left_eye': (221, 313), 'right_eye': (314, 312), 'nose': (267, 359), 'mouth_left': (231, 411), 'mouth_right': (305, 412)}"
287,"[147, 217, 218, 253]",0.9999914169311523,"{'left_eye': (221, 317), 'right_eye': (314, 317), 'nose': (268, 367), 'mouth_left': (230, 416), 'mouth_right': (306, 416)}"
288,"[148, 218, 219, 253]",0.9999896287918091,"{'left_eye': (221, 321), 'right_eye': (315, 320), 'nose': (269, 369), 'mouth_left': (230, 418), 'mouth_right': (308, 418)}"
289,"[153, 228, 209, 247]",0.9999433755874634,"{'left_eye': (221, 326), 'right_eye': (314, 324), 'nose': (266, 377), 'mouth_left': (234, 425), 'mouth_right': (306, 425)}"
290,"[152, 228, 208, 245]",0.9999830722808838,"{'left_eye': (221, 330), 'right_eye': (314, 329), 'nose': (268, 381), 'mouth_left': (233, 427), 'mouth_right': (302, 429)}"
291,"[151, 231, 213, 248]",0.999994158744812,"{'left_eye': (220, 335), 'right_eye': (314, 335), 'nose': (268, 387), 'mouth_left': (233, 432), 'mouth_right': (303, 433)}"
292,"[151, 237, 209, 246]",0.9999033212661743,"{'left_eye': (219, 338), 'right_eye': (313, 338), 'nose': (267, 391), 'mouth_left': (233, 437), 'mouth_right': (302, 438)}"
293,"[150, 238, 217, 253]",0.9999818801879883,"{'left_eye': (219, 341), 'right_eye': (315, 340), 'nose': (264, 397), 'mouth_left': (230, 443), 'mouth_right': (306, 443)}"
294,"[150, 241, 211, 248]",0.9998939037322998,"{'left_eye': (218, 343), 'right_eye': (313, 342), 'nose': (267, 398), 'mouth_left': (233, 442), 'mouth_right': (302, 442)}"
295,"[149, 240, 212, 248]",0.9998955726623535,"{'left_eye': (218, 343), 'right_eye': (313, 342), 'nose': (266, 398), 'mouth_left': (233, 442), 'mouth_right': (302, 442)}"
296,"[149, 239, 211, 247]",0.9999622106552124,"{'left_eye': (217, 341), 'right_eye': (312, 341), 'nose': (265, 396), 'mouth_left': (231, 441), 'mouth_right': (300, 442)}"
297,"[148, 236, 212, 249]",0.9999761581420898,"{'left_eye': (216, 341), 'right_eye': (311, 341), 'nose': (264, 395), 'mouth_left': (229, 441), 'mouth_right': (299, 441)}"
298,"[146, 235, 215, 248]",0.9999920129776001,"{'left_eye': (215, 340), 'right_eye': (310, 339), 'nose': (264, 392), 'mouth_left': (229, 438), 'mouth_right': (300, 438)}"
299,"[146, 235, 214, 245]",0.9999958276748657,"{'left_eye': (213, 337), 'right_eye': (309, 336), 'nose': (262, 389), 'mouth_left': (228, 436), 'mouth_right': (298, 435)}"
300,"[145, 232, 211, 247]",0.9999525547027588,"{'left_eye': (213, 335), 'right_eye': (308, 333), 'nose': (261, 386), 'mouth_left': (228, 433), 'mouth_right': (296, 433)}"
301,"[148, 232, 212, 254]",0.9998968839645386,"{'left_eye': (213, 333), 'right_eye': (309, 331), 'nose': (259, 388), 'mouth_left': (223, 436), 'mouth_right': (304, 434)}"
302,"[145, 230, 209, 247]",0.9999332427978516,"{'left_eye': (213, 331), 'right_eye': (307, 330), 'nose': (261, 382), 'mouth_left': (227, 431), 'mouth_right': (294, 431)}"
303,"[144, 229, 215, 248]",0.9999967813491821,"{'left_eye': (211, 330), 'right_eye': (307, 329), 'nose': (261, 380), 'mouth_left': (225, 429), 'mouth_right': (296, 430)}"
304,"[144, 229, 215, 248]",0.999996542930603,"{'left_eye': (212, 330), 'right_eye': (307, 330), 'nose': (261, 381), 'mouth_left': (225, 430), 'mouth_right': (296, 430)}"
305,"[145, 230, 209, 247]",0.9999059438705444,"{'left_eye': (214, 331), 'right_eye': (307, 330), 'nose': (261, 381), 'mouth_left': (227, 430), 'mouth_right': (295, 430)}"
306,"[148, 230, 212, 254]",0.9999278783798218,"{'left_eye': (213, 330), 'right_eye': (309, 329), 'nose': (260, 383), 'mouth_left': (223, 432), 'mouth_right': (303, 431)}"
307,"[146, 229, 209, 247]",0.9999454021453857,"{'left_eye': (214, 330), 'right_eye': (308, 329), 'nose': (262, 380), 'mouth_left': (228, 429), 'mouth_right': (296, 430)}"
308,"[146, 228, 210, 247]",0.9999529123306274,"{'left_eye': (214, 330), 'right_eye': (308, 329), 'nose': (263, 380), 'mouth_left': (229, 429), 'mouth_right': (296, 430)}"
309,"[146, 228, 210, 247]",0.9999477863311768,"{'left_eye': (215, 330), 'right_eye': (309, 329), 'nose': (263, 380), 'mouth_left': (229, 429), 'mouth_right': (296, 430)}"
310,"[147, 228, 210, 247]",0.999948263168335,"{'left_eye': (215, 330), 'right_eye': (309, 329), 'nose': (264, 380), 'mouth_left': (229, 429), 'mouth_right': (297, 430)}"
311,"[147, 228, 210, 247]",0.9999529123306274,"{'left_eye': (215, 330), 'right_eye': (309, 329), 'nose': (264, 380), 'mouth_left': (230, 429), 'mouth_right': (297, 430)}"
312,"[147, 229, 212, 248]",0.9999978542327881,"{'left_eye': (214, 331), 'right_eye': (309, 329), 'nose': (264, 379), 'mouth_left': (229, 429), 'mouth_right': (299, 429)}"
313,"[147, 228, 210, 247]",0.9999572038650513,"{'left_eye': (216, 330), 'right_eye': (309, 329), 'nose': (264, 380), 'mouth_left': (230, 429), 'mouth_right': (297, 430)}"
314,"[147, 228, 210, 247]",0.9999532699584961,"{'left_eye': (216, 330), 'right_eye': (310, 329), 'nose': (264, 380), 'mouth_left': (230, 429), 'mouth_right': (298, 430)}"
315,"[148, 227, 210, 248]",0.9999608993530273,"{'left_eye': (216, 330), 'right_eye': (310, 329), 'nose': (265, 380), 'mouth_left': (231, 429), 'mouth_right': (298, 430)}"
316,"[148, 229, 212, 249]",0.9999985694885254,"{'left_eye': (215, 331), 'right_eye': (310, 329), 'nose': (266, 379), 'mouth_left': (230, 429), 'mouth_right': (300, 430)}"
317,"[149, 230, 211, 249]",0.9999985694885254,"{'left_eye': (216, 331), 'right_eye': (310, 329), 'nose': (266, 380), 'mouth_left': (230, 430), 'mouth_right': (301, 430)}"
318,"[149, 231, 211, 248]",0.9999991655349731,"{'left_eye': (217, 331), 'right_eye': (311, 329), 'nose': (266, 380), 'mouth_left': (230, 430), 'mouth_right': (301, 430)}"
319,"[149, 228, 210, 247]",0.9999692440032959,"{'left_eye': (217, 330), 'right_eye': (311, 330), 'nose': (267, 381), 'mouth_left': (231, 429), 'mouth_right': (300, 430)}"
320,"[150, 231, 210, 248]",0.9999990463256836,"{'left_eye': (217, 331), 'right_eye': (311, 329), 'nose': (267, 380), 'mouth_left': (231, 430), 'mouth_right': (301, 430)}"
321,"[149, 228, 210, 247]",0.9999692440032959,"{'left_eye': (218, 330), 'right_eye': (312, 329), 'nose': (267, 380), 'mouth_left': (232, 428), 'mouth_right': (299, 430)}"
322,"[150, 229, 211, 249]",0.9999988079071045,"{'left_eye': (217, 331), 'right_eye': (312, 328), 'nose': (267, 379), 'mouth_left': (231, 429), 'mouth_right': (301, 429)}"
323,"[151, 229, 210, 248]",0.9999991655349731,"{'left_eye': (217, 330), 'right_eye': (311, 327), 'nose': (266, 379), 'mouth_left': (231, 428), 'mouth_right': (301, 428)}"
324,"[150, 229, 212, 248]",0.9999995231628418,"{'left_eye': (217, 329), 'right_eye': (312, 326), 'nose': (267, 379), 'mouth_left': (232, 427), 'mouth_right': (302, 427)}"
325,"[152, 230, 211, 249]",0.9999380111694336,"{'left_eye': (217, 328), 'right_eye': (313, 326), 'nose': (264, 380), 'mouth_left': (229, 429), 'mouth_right': (305, 428)}"
326,"[152, 230, 211, 249]",0.9999321699142456,"{'left_eye': (218, 328), 'right_eye': (313, 326), 'nose': (265, 379), 'mouth_left': (230, 429), 'mouth_right': (305, 428)}"
327,"[152, 229, 211, 250]",0.9999538660049438,"{'left_eye': (218, 328), 'right_eye': (314, 327), 'nose': (265, 379), 'mouth_left': (229, 430), 'mouth_right': (306, 429)}"
328,"[151, 229, 212, 250]",0.9999586343765259,"{'left_eye': (218, 328), 'right_eye': (314, 327), 'nose': (265, 379), 'mouth_left': (229, 429), 'mouth_right': (306, 428)}"
329,"[152, 231, 210, 248]",0.9999991655349731,"{'left_eye': (219, 330), 'right_eye': (313, 328), 'nose': (268, 379), 'mouth_left': (233, 428), 'mouth_right': (303, 429)}"
330,"[151, 228, 210, 247]",0.9999821186065674,"{'left_eye': (220, 330), 'right_eye': (314, 329), 'nose': (269, 380), 'mouth_left': (234, 428), 'mouth_right': (303, 429)}"
331,"[152, 232, 212, 247]",0.9999996423721313,"{'left_eye': (219, 331), 'right_eye': (314, 328), 'nose': (268, 380), 'mouth_left': (233, 429), 'mouth_right': (304, 429)}"
332,"[151, 229, 213, 252]",0.9998708963394165,"{'left_eye': (220, 331), 'right_eye': (315, 330), 'nose': (267, 383), 'mouth_left': (233, 432), 'mouth_right': (305, 431)}"
333,"[151, 231, 210, 248]",0.999778687953949,"{'left_eye': (221, 330), 'right_eye': (314, 330), 'nose': (269, 380), 'mouth_left': (234, 430), 'mouth_right': (301, 430)}"
334,"[151, 228, 213, 253]",0.9998623132705688,"{'left_eye': (221, 331), 'right_eye': (315, 329), 'nose': (267, 383), 'mouth_left': (233, 432), 'mouth_right': (305, 431)}"
335,"[152, 230, 212, 249]",0.9997797608375549,"{'left_eye': (221, 331), 'right_eye': (315, 330), 'nose': (268, 381), 'mouth_left': (233, 430), 'mouth_right': (305, 430)}"
336,"[151, 229, 213, 252]",0.999854564666748,"{'left_eye': (221, 331), 'right_eye': (315, 329), 'nose': (267, 382), 'mouth_left': (233, 432), 'mouth_right': (305, 431)}"
337,"[151, 229, 212, 251]",0.9998655319213867,"{'left_eye': (220, 330), 'right_eye': (315, 329), 'nose': (267, 382), 'mouth_left': (233, 431), 'mouth_right': (305, 431)}"
338,"[152, 231, 212, 247]",0.9999996423721313,"{'left_eye': (220, 330), 'right_eye': (314, 327), 'nose': (270, 380), 'mouth_left': (234, 428), 'mouth_right': (304, 428)}"
339,"[151, 229, 213, 250]",0.9999037981033325,"{'left_eye': (220, 330), 'right_eye': (315, 328), 'nose': (268, 381), 'mouth_left': (234, 430), 'mouth_right': (306, 430)}"
340,"[151, 228, 212, 250]",0.9998786449432373,"{'left_eye': (220, 329), 'right_eye': (315, 328), 'nose': (268, 380), 'mouth_left': (234, 430), 'mouth_right': (306, 429)}"
341,"[151, 228, 213, 250]",0.9999161958694458,"{'left_eye': (220, 329), 'right_eye': (315, 327), 'nose': (268, 380), 'mouth_left': (234, 429), 'mouth_right': (306, 429)}"
342,"[153, 229, 212, 248]",0.9999421834945679,"{'left_eye': (220, 328), 'right_eye': (316, 326), 'nose': (268, 379), 'mouth_left': (234, 428), 'mouth_right': (308, 427)}"
343,"[152, 229, 212, 248]",0.9999204874038696,"{'left_eye': (221, 327), 'right_eye': (316, 325), 'nose': (268, 378), 'mouth_left': (234, 427), 'mouth_right': (307, 427)}"
344,"[153, 228, 212, 247]",0.999929666519165,"{'left_eye': (221, 327), 'right_eye': (316, 325), 'nose': (268, 377), 'mouth_left': (234, 426), 'mouth_right': (308, 425)}"
345,"[151, 227, 214, 247]",0.9999523162841797,"{'left_eye': (220, 325), 'right_eye': (315, 323), 'nose': (268, 375), 'mouth_left': (233, 425), 'mouth_right': (308, 424)}"
346,"[148, 220, 221, 256]",0.9999829530715942,"{'left_eye': (221, 324), 'right_eye': (315, 323), 'nose': (268, 372), 'mouth_left': (231, 424), 'mouth_right': (307, 422)}"
347,"[150, 219, 219, 259]",0.9999911785125732,"{'left_eye': (220, 321), 'right_eye': (316, 321), 'nose': (267, 370), 'mouth_left': (229, 424), 'mouth_right': (308, 423)}"
348,"[146, 217, 223, 264]",0.9999964237213135,"{'left_eye': (220, 320), 'right_eye': (317, 319), 'nose': (268, 370), 'mouth_left': (229, 424), 'mouth_right': (309, 423)}"
349,"[146, 218, 223, 259]",0.9999983310699463,"{'left_eye': (220, 318), 'right_eye': (316, 318), 'nose': (269, 366), 'mouth_left': (230, 421), 'mouth_right': (307, 421)}"
350,"[145, 222, 222, 260]",0.9999991655349731,"{'left_eye': (220, 317), 'right_eye': (319, 315), 'nose': (270, 362), 'mouth_left': (228, 423), 'mouth_right': (310, 422)}"
351,"[149, 213, 222, 271]",0.999997615814209,"{'left_eye': (219, 310), 'right_eye': (322, 310), 'nose': (268, 358), 'mouth_left': (228, 424), 'mouth_right': (309, 424)}"
352,"[149, 212, 222, 271]",0.9999946355819702,"{'left_eye': (218, 308), 'right_eye': (321, 308), 'nose': (267, 353), 'mouth_left': (226, 422), 'mouth_right': (309, 423)}"
353,"[149, 213, 221, 270]",0.9999921321868896,"{'left_eye': (218, 308), 'right_eye': (321, 308), 'nose': (267, 353), 'mouth_left': (225, 421), 'mouth_right': (309, 422)}"
354,"[154, 216, 215, 264]",0.9999915361404419,"{'left_eye': (219, 311), 'right_eye': (319, 310), 'nose': (267, 357), 'mouth_left': (227, 422), 'mouth_right': (309, 422)}"
355,"[154, 217, 215, 260]",0.9999974966049194,"{'left_eye': (220, 315), 'right_eye': (318, 316), 'nose': (268, 363), 'mouth_left': (227, 422), 'mouth_right': (309, 422)}"
356,"[156, 224, 212, 253]",0.9999693632125854,"{'left_eye': (221, 319), 'right_eye': (317, 319), 'nose': (267, 370), 'mouth_left': (228, 423), 'mouth_right': (311, 423)}"
357,"[155, 232, 204, 239]",0.999961256980896,"{'left_eye': (223, 327), 'right_eye': (316, 327), 'nose': (269, 373), 'mouth_left': (234, 424), 'mouth_right': (302, 427)}"
358,"[155, 233, 207, 241]",0.9999963045120239,"{'left_eye': (223, 332), 'right_eye': (317, 332), 'nose': (270, 381), 'mouth_left': (234, 430), 'mouth_right': (303, 432)}"
359,"[156, 245, 210, 239]",0.9999797344207764,"{'left_eye': (223, 337), 'right_eye': (323, 339), 'nose': (269, 389), 'mouth_left': (234, 440), 'mouth_right': (309, 441)}"
360,"[153, 244, 213, 246]",0.999962568283081,"{'left_eye': (223, 344), 'right_eye': (321, 343), 'nose': (270, 397), 'mouth_left': (236, 446), 'mouth_right': (310, 445)}"
361,"[155, 251, 216, 253]",0.9999691247940063,"{'left_eye': (224, 347), 'right_eye': (325, 349), 'nose': (270, 406), 'mouth_left': (233, 454), 'mouth_right': (312, 455)}"
362,"[151, 256, 215, 244]",0.9999179840087891,"{'left_eye': (223, 354), 'right_eye': (322, 355), 'nose': (272, 411), 'mouth_left': (234, 454), 'mouth_right': (307, 456)}"
363,"[150, 263, 221, 251]",0.9997788071632385,"{'left_eye': (225, 363), 'right_eye': (325, 365), 'nose': (273, 420), 'mouth_left': (233, 464), 'mouth_right': (313, 465)}"
364,"[148, 266, 220, 243]",0.9999747276306152,"{'left_eye': (224, 367), 'right_eye': (326, 365), 'nose': (275, 424), 'mouth_left': (237, 465), 'mouth_right': (312, 465)}"
365,"[149, 269, 220, 242]",0.9999715089797974,"{'left_eye': (225, 371), 'right_eye': (327, 369), 'nose': (277, 429), 'mouth_left': (238, 469), 'mouth_right': (313, 469)}"
366,"[149, 271, 220, 242]",0.9999773502349854,"{'left_eye': (226, 372), 'right_eye': (328, 371), 'nose': (277, 430), 'mouth_left': (238, 470), 'mouth_right': (314, 470)}"
367,"[150, 271, 219, 241]",0.9999585151672363,"{'left_eye': (226, 372), 'right_eye': (327, 372), 'nose': (276, 430), 'mouth_left': (238, 470), 'mouth_right': (313, 470)}"
368,"[154, 268, 217, 242]",0.9999872446060181,"{'left_eye': (228, 372), 'right_eye': (325, 371), 'nose': (276, 427), 'mouth_left': (237, 468), 'mouth_right': (311, 469)}"
369,"[152, 262, 218, 246]",0.9999768733978271,"{'left_eye': (226, 367), 'right_eye': (324, 366), 'nose': (275, 421), 'mouth_left': (238, 463), 'mouth_right': (311, 463)}"
370,"[158, 265, 215, 245]",0.9999736547470093,"{'left_eye': (227, 361), 'right_eye': (327, 362), 'nose': (272, 417), 'mouth_left': (239, 464), 'mouth_right': (313, 465)}"
371,"[151, 254, 219, 251]",0.9999511241912842,"{'left_eye': (225, 355), 'right_eye': (325, 354), 'nose': (273, 408), 'mouth_left': (237, 458), 'mouth_right': (314, 458)}"
372,"[152, 245, 214, 248]",0.9999146461486816,"{'left_eye': (226, 347), 'right_eye': (321, 347), 'nose': (273, 398), 'mouth_left': (237, 443), 'mouth_right': (309, 443)}"
373,"[154, 235, 213, 245]",0.9999978542327881,"{'left_eye': (224, 339), 'right_eye': (320, 338), 'nose': (273, 389), 'mouth_left': (236, 435), 'mouth_right': (308, 436)}"
374,"[155, 230, 210, 245]",0.999995231628418,"{'left_eye': (224, 332), 'right_eye': (318, 331), 'nose': (272, 381), 'mouth_left': (236, 428), 'mouth_right': (306, 429)}"
375,"[153, 227, 210, 244]",0.9999662637710571,"{'left_eye': (223, 326), 'right_eye': (317, 325), 'nose': (270, 373), 'mouth_left': (236, 422), 'mouth_right': (305, 423)}"
376,"[153, 220, 214, 250]",0.9999911785125732,"{'left_eye': (223, 318), 'right_eye': (317, 317), 'nose': (269, 366), 'mouth_left': (232, 417), 'mouth_right': (307, 418)}"
377,"[148, 222, 216, 249]",0.9999986886978149,"{'left_eye': (222, 314), 'right_eye': (318, 313), 'nose': (269, 357), 'mouth_left': (228, 414), 'mouth_right': (306, 415)}"
378,"[152, 212, 213, 259]",0.999998927116394,"{'left_eye': (220, 306), 'right_eye': (318, 307), 'nose': (266, 349), 'mouth_left': (224, 410), 'mouth_right': (307, 410)}"
379,"[156, 198, 210, 259]",0.9999997615814209,"{'left_eye': (217, 294), 'right_eye': (317, 298), 'nose': (263, 342), 'mouth_left': (221, 399), 'mouth_right': (306, 401)}"
380,"[158, 210, 200, 232]",0.9999804496765137,"{'left_eye': (219, 298), 'right_eye': (312, 297), 'nose': (268, 334), 'mouth_left': (232, 389), 'mouth_right': (303, 390)}"
381,"[158, 207, 203, 228]",0.9999831914901733,"{'left_eye': (222, 290), 'right_eye': (315, 291), 'nose': (269, 318), 'mouth_left': (231, 383), 'mouth_right': (306, 382)}"
382,"[156, 202, 208, 237]",0.999988317489624,"{'left_eye': (220, 286), 'right_eye': (316, 288), 'nose': (266, 317), 'mouth_left': (230, 388), 'mouth_right': (305, 387)}"
383,"[160, 201, 201, 228]",0.9999897480010986,"{'left_eye': (220, 288), 'right_eye': (311, 285), 'nose': (266, 315), 'mouth_left': (232, 376), 'mouth_right': (304, 376)}"
384,"[160, 206, 198, 218]",0.9997259974479675,"{'left_eye': (222, 287), 'right_eye': (311, 285), 'nose': (267, 314), 'mouth_left': (233, 371), 'mouth_right': (304, 370)}"
385,"[166, 208, 191, 214]",0.9999887943267822,"{'left_eye': (220, 285), 'right_eye': (310, 282), 'nose': (265, 309), 'mouth_left': (231, 368), 'mouth_right': (302, 367)}"
386,"[169, 208, 188, 210]",0.9999817609786987,"{'left_eye': (221, 282), 'right_eye': (309, 280), 'nose': (266, 306), 'mouth_left': (233, 364), 'mouth_right': (302, 364)}"
387,"[164, 200, 196, 216]",0.9999696016311646,"{'left_eye': (220, 282), 'right_eye': (307, 277), 'nose': (265, 301), 'mouth_left': (233, 364), 'mouth_right': (302, 364)}"
388,"[167, 201, 193, 212]",0.9999722242355347,"{'left_eye': (221, 281), 'right_eye': (307, 276), 'nose': (265, 301), 'mouth_left': (234, 363), 'mouth_right': (303, 362)}"
389,"[164, 204, 194, 212]",0.9998693466186523,"{'left_eye': (221, 279), 'right_eye': (309, 275), 'nose': (265, 298), 'mouth_left': (233, 362), 'mouth_right': (303, 362)}"
390,"[164, 204, 194, 213]",0.9998775720596313,"{'left_eye': (222, 279), 'right_eye': (309, 275), 'nose': (266, 299), 'mouth_left': (233, 362), 'mouth_right': (303, 362)}"
391,"[167, 201, 192, 212]",0.9999711513519287,"{'left_eye': (222, 281), 'right_eye': (308, 276), 'nose': (265, 301), 'mouth_left': (234, 362), 'mouth_right': (303, 362)}"
392,"[170, 208, 184, 205]",0.9999762773513794,"{'left_eye': (223, 282), 'right_eye': (309, 278), 'nose': (267, 303), 'mouth_left': (235, 361), 'mouth_right': (302, 360)}"
393,"[170, 207, 187, 210]",0.999997615814209,"{'left_eye': (222, 283), 'right_eye': (309, 280), 'nose': (267, 306), 'mouth_left': (234, 365), 'mouth_right': (303, 364)}"
394,"[165, 204, 194, 216]",0.9999710321426392,"{'left_eye': (223, 286), 'right_eye': (310, 282), 'nose': (268, 308), 'mouth_left': (235, 369), 'mouth_right': (305, 369)}"
395,"[162, 207, 196, 221]",0.9997484087944031,"{'left_eye': (223, 285), 'right_eye': (314, 284), 'nose': (270, 314), 'mouth_left': (235, 372), 'mouth_right': (305, 372)}"
396,"[165, 209, 193, 216]",0.9999415874481201,"{'left_eye': (225, 293), 'right_eye': (313, 290), 'nose': (271, 319), 'mouth_left': (236, 378), 'mouth_right': (306, 376)}"
397,"[164, 212, 195, 222]",0.9999802112579346,"{'left_eye': (225, 297), 'right_eye': (315, 294), 'nose': (271, 327), 'mouth_left': (236, 384), 'mouth_right': (306, 383)}"
398,"[160, 213, 196, 228]",0.9999563694000244,"{'left_eye': (225, 301), 'right_eye': (315, 300), 'nose': (273, 336), 'mouth_left': (237, 390), 'mouth_right': (307, 391)}"
399,"[156, 217, 210, 252]",0.9999996423721313,"{'left_eye': (226, 305), 'right_eye': (319, 307), 'nose': (271, 343), 'mouth_left': (230, 403), 'mouth_right': (307, 406)}"
400,"[164, 225, 198, 232]",0.9998841285705566,"{'left_eye': (226, 311), 'right_eye': (319, 310), 'nose': (271, 355), 'mouth_left': (238, 408), 'mouth_right': (310, 409)}"
401,"[156, 220, 213, 245]",0.9999904632568359,"{'left_eye': (226, 315), 'right_eye': (319, 315), 'nose': (272, 362), 'mouth_left': (236, 411), 'mouth_right': (308, 412)}"
402,"[160, 229, 204, 242]",0.9998759031295776,"{'left_eye': (226, 323), 'right_eye': (319, 322), 'nose': (271, 371), 'mouth_left': (238, 420), 'mouth_right': (308, 421)}"
403,"[157, 234, 205, 245]",0.9998006224632263,"{'left_eye': (226, 329), 'right_eye': (319, 331), 'nose': (273, 380), 'mouth_left': (238, 428), 'mouth_right': (305, 430)}"
404,"[156, 237, 210, 244]",0.9999935626983643,"{'left_eye': (228, 337), 'right_eye': (321, 337), 'nose': (276, 389), 'mouth_left': (238, 433), 'mouth_right': (308, 435)}"
405,"[156, 242, 213, 250]",0.999920129776001,"{'left_eye': (227, 342), 'right_eye': (323, 344), 'nose': (275, 397), 'mouth_left': (239, 442), 'mouth_right': (309, 444)}"
406,"[154, 243, 220, 260]",0.9999384880065918,"{'left_eye': (227, 349), 'right_eye': (325, 352), 'nose': (274, 407), 'mouth_left': (236, 452), 'mouth_right': (311, 455)}"
407,"[160, 253, 223, 268]",0.9998002648353577,"{'left_eye': (227, 354), 'right_eye': (330, 357), 'nose': (278, 416), 'mouth_left': (234, 467), 'mouth_right': (312, 468)}"
408,"[156, 255, 215, 254]",0.9998121857643127,"{'left_eye': (228, 360), 'right_eye': (326, 361), 'nose': (276, 417), 'mouth_left': (239, 460), 'mouth_right': (310, 462)}"
409,"[156, 260, 216, 253]",0.9998385906219482,"{'left_eye': (227, 364), 'right_eye': (325, 366), 'nose': (275, 422), 'mouth_left': (239, 464), 'mouth_right': (310, 466)}"
410,"[156, 262, 218, 251]",0.9999752044677734,"{'left_eye': (227, 366), 'right_eye': (325, 369), 'nose': (276, 426), 'mouth_left': (238, 465), 'mouth_right': (310, 468)}"
411,"[159, 264, 213, 251]",0.999853253364563,"{'left_eye': (227, 367), 'right_eye': (325, 370), 'nose': (275, 426), 'mouth_left': (238, 467), 'mouth_right': (309, 469)}"
412,"[155, 262, 222, 259]",0.9997449517250061,"{'left_eye': (227, 365), 'right_eye': (328, 367), 'nose': (276, 427), 'mouth_left': (236, 470), 'mouth_right': (314, 472)}"
413,"[156, 260, 212, 251]",0.9997614026069641,"{'left_eye': (226, 364), 'right_eye': (323, 365), 'nose': (275, 420), 'mouth_left': (238, 463), 'mouth_right': (308, 465)}"
414,"[154, 258, 217, 259]",0.9997005462646484,"{'left_eye': (225, 360), 'right_eye': (325, 361), 'nose': (273, 418), 'mouth_left': (236, 465), 'mouth_right': (311, 466)}"
415,"[151, 249, 221, 262]",0.9999219179153442,"{'left_eye': (223, 355), 'right_eye': (323, 357), 'nose': (271, 413), 'mouth_left': (234, 460), 'mouth_right': (309, 462)}"
416,"[155, 250, 211, 254]",0.9996219873428345,"{'left_eye': (222, 352), 'right_eye': (319, 354), 'nose': (270, 407), 'mouth_left': (235, 453), 'mouth_right': (304, 455)}"
417,"[157, 249, 211, 256]",0.9997360110282898,"{'left_eye': (219, 349), 'right_eye': (320, 349), 'nose': (263, 405), 'mouth_left': (228, 458), 'mouth_right': (307, 459)}"
418,"[157, 242, 214, 260]",0.9999057054519653,"{'left_eye': (221, 342), 'right_eye': (320, 344), 'nose': (265, 401), 'mouth_left': (228, 453), 'mouth_right': (309, 454)}"
419,"[151, 238, 211, 250]",0.9999780654907227,"{'left_eye': (219, 340), 'right_eye': (315, 342), 'nose': (268, 393), 'mouth_left': (231, 441), 'mouth_right': (299, 444)}"
420,"[147, 237, 212, 248]",0.9999837875366211,"{'left_eye': (216, 338), 'right_eye': (312, 340), 'nose': (265, 390), 'mouth_left': (228, 438), 'mouth_right': (297, 440)}"
421,"[144, 234, 212, 251]",0.9999849796295166,"{'left_eye': (213, 337), 'right_eye': (308, 338), 'nose': (262, 389), 'mouth_left': (225, 437), 'mouth_right': (293, 440)}"
422,"[141, 235, 215, 250]",0.9999955892562866,"{'left_eye': (210, 335), 'right_eye': (306, 336), 'nose': (259, 385), 'mouth_left': (222, 436), 'mouth_right': (292, 437)}"
423,"[139, 233, 216, 250]",0.9999958276748657,"{'left_eye': (208, 333), 'right_eye': (304, 333), 'nose': (257, 382), 'mouth_left': (221, 433), 'mouth_right': (291, 435)}"
424,"[141, 233, 212, 247]",0.9999845027923584,"{'left_eye': (208, 331), 'right_eye': (303, 331), 'nose': (254, 381), 'mouth_left': (220, 430), 'mouth_right': (291, 431)}"
425,"[138, 232, 213, 245]",0.9999915361404419,"{'left_eye': (207, 331), 'right_eye': (301, 330), 'nose': (254, 380), 'mouth_left': (220, 430), 'mouth_right': (290, 430)}"
426,"[136, 229, 217, 249]",0.9999933242797852,"{'left_eye': (206, 327), 'right_eye': (300, 327), 'nose': (254, 374), 'mouth_left': (217, 425), 'mouth_right': (290, 426)}"
427,"[136, 228, 217, 257]",0.9999935626983643,"{'left_eye': (205, 327), 'right_eye': (299, 327), 'nose': (252, 375), 'mouth_left': (213, 428), 'mouth_right': (291, 428)}"
428,"[136, 229, 216, 254]",0.9999923706054688,"{'left_eye': (205, 327), 'right_eye': (298, 327), 'nose': (252, 375), 'mouth_left': (213, 427), 'mouth_right': (290, 427)}"
429,"[138, 229, 214, 251]",0.9999923706054688,"{'left_eye': (205, 327), 'right_eye': (298, 326), 'nose': (251, 375), 'mouth_left': (214, 427), 'mouth_right': (289, 426)}"
430,"[137, 229, 213, 248]",0.9999934434890747,"{'left_eye': (204, 326), 'right_eye': (297, 326), 'nose': (250, 373), 'mouth_left': (214, 425), 'mouth_right': (288, 425)}"
431,"[132, 225, 220, 264]",0.999997615814209,"{'left_eye': (203, 324), 'right_eye': (298, 324), 'nose': (250, 378), 'mouth_left': (209, 432), 'mouth_right': (291, 432)}"
432,"[132, 223, 220, 268]",0.9999980926513672,"{'left_eye': (202, 323), 'right_eye': (299, 323), 'nose': (249, 376), 'mouth_left': (209, 432), 'mouth_right': (290, 433)}"
433,"[132, 224, 219, 267]",0.999997615814209,"{'left_eye': (202, 323), 'right_eye': (298, 324), 'nose': (248, 377), 'mouth_left': (208, 432), 'mouth_right': (289, 433)}"
434,"[129, 223, 222, 269]",0.9999985694885254,"{'left_eye': (201, 323), 'right_eye': (298, 323), 'nose': (248, 376), 'mouth_left': (207, 432), 'mouth_right': (289, 432)}"
435,"[127, 223, 222, 272]",0.9999943971633911,"{'left_eye': (199, 321), 'right_eye': (296, 322), 'nose': (247, 374), 'mouth_left': (204, 429), 'mouth_right': (288, 431)}"
436,"[131, 220, 217, 272]",0.9999967813491821,"{'left_eye': (196, 320), 'right_eye': (294, 320), 'nose': (245, 373), 'mouth_left': (204, 431), 'mouth_right': (285, 431)}"
437,"[127, 216, 216, 271]",0.9999899864196777,"{'left_eye': (192, 318), 'right_eye': (288, 319), 'nose': (238, 369), 'mouth_left': (199, 428), 'mouth_right': (280, 428)}"
438,"[118, 214, 216, 268]",0.9999736547470093,"{'left_eye': (186, 317), 'right_eye': (283, 318), 'nose': (232, 370), 'mouth_left': (192, 424), 'mouth_right': (275, 424)}"
439,"[108, 215, 222, 271]",0.9999971389770508,"{'left_eye': (179, 316), 'right_eye': (276, 315), 'nose': (227, 369), 'mouth_left': (185, 426), 'mouth_right': (269, 426)}"
440,"[114, 223, 208, 245]",0.9998825788497925,"{'left_eye': (177, 318), 'right_eye': (272, 316), 'nose': (224, 367), 'mouth_left': (190, 418), 'mouth_right': (265, 416)}"
441,"[114, 222, 206, 246]",0.9998267292976379,"{'left_eye': (177, 318), 'right_eye': (271, 316), 'nose': (222, 368), 'mouth_left': (188, 419), 'mouth_right': (264, 417)}"
442,"[114, 221, 207, 248]",0.9998557567596436,"{'left_eye': (176, 318), 'right_eye': (271, 316), 'nose': (222, 368), 'mouth_left': (187, 420), 'mouth_right': (265, 417)}"
443,"[112, 217, 210, 256]",0.9999037981033325,"{'left_eye': (176, 317), 'right_eye': (271, 315), 'nose': (221, 370), 'mouth_left': (184, 421), 'mouth_right': (267, 418)}"
444,"[112, 220, 210, 253]",0.9999535083770752,"{'left_eye': (175, 318), 'right_eye': (271, 315), 'nose': (221, 370), 'mouth_left': (185, 422), 'mouth_right': (267, 419)}"
445,"[113, 220, 209, 252]",0.9999175071716309,"{'left_eye': (176, 319), 'right_eye': (271, 317), 'nose': (222, 370), 'mouth_left': (186, 421), 'mouth_right': (267, 418)}"
446,"[113, 222, 207, 248]",0.999836802482605,"{'left_eye': (176, 320), 'right_eye': (272, 319), 'nose': (222, 371), 'mouth_left': (187, 423), 'mouth_right': (267, 420)}"
447,"[113, 224, 212, 246]",0.9999995231628418,"{'left_eye': (179, 323), 'right_eye': (273, 319), 'nose': (228, 370), 'mouth_left': (194, 421), 'mouth_right': (264, 420)}"
448,"[117, 226, 210, 246]",0.9999996423721313,"{'left_eye': (182, 324), 'right_eye': (277, 321), 'nose': (232, 372), 'mouth_left': (197, 422), 'mouth_right': (267, 422)}"
449,"[118, 221, 219, 264]",0.9999938011169434,"{'left_eye': (185, 324), 'right_eye': (280, 323), 'nose': (232, 377), 'mouth_left': (194, 429), 'mouth_right': (274, 427)}"
450,"[120, 216, 219, 271]",0.999993085861206,"{'left_eye': (190, 320), 'right_eye': (287, 321), 'nose': (234, 372), 'mouth_left': (195, 428), 'mouth_right': (277, 428)}"
451,"[124, 217, 219, 269]",0.9999939203262329,"{'left_eye': (193, 321), 'right_eye': (290, 322), 'nose': (238, 372), 'mouth_left': (199, 427), 'mouth_right': (280, 427)}"
452,"[126, 217, 218, 265]",0.9999920129776001,"{'left_eye': (195, 321), 'right_eye': (292, 321), 'nose': (241, 371), 'mouth_left': (202, 426), 'mouth_right': (282, 425)}"
453,"[130, 219, 215, 264]",0.9999922513961792,"{'left_eye': (195, 321), 'right_eye': (290, 321), 'nose': (240, 373), 'mouth_left': (202, 426), 'mouth_right': (283, 425)}"
454,"[130, 219, 216, 266]",0.9999949932098389,"{'left_eye': (194, 322), 'right_eye': (290, 321), 'nose': (241, 372), 'mouth_left': (203, 427), 'mouth_right': (284, 426)}"
455,"[130, 219, 216, 266]",0.999993085861206,"{'left_eye': (195, 321), 'right_eye': (290, 321), 'nose': (241, 372), 'mouth_left': (203, 428), 'mouth_right': (284, 427)}"
456,"[129, 218, 216, 265]",0.9999926090240479,"{'left_eye': (194, 322), 'right_eye': (290, 321), 'nose': (240, 373), 'mouth_left': (202, 427), 'mouth_right': (283, 426)}"
457,"[129, 219, 215, 263]",0.999993085861206,"{'left_eye': (194, 321), 'right_eye': (290, 321), 'nose': (240, 372), 'mouth_left': (202, 426), 'mouth_right': (282, 425)}"
458,"[129, 222, 212, 256]",0.9999785423278809,"{'left_eye': (193, 321), 'right_eye': (289, 319), 'nose': (239, 370), 'mouth_left': (201, 424), 'mouth_right': (282, 422)}"
459,"[128, 223, 212, 255]",0.9999774694442749,"{'left_eye': (191, 321), 'right_eye': (287, 319), 'nose': (237, 370), 'mouth_left': (200, 424), 'mouth_right': (281, 422)}"
460,"[128, 221, 212, 257]",0.9999749660491943,"{'left_eye': (191, 320), 'right_eye': (287, 319), 'nose': (237, 370), 'mouth_left': (199, 424), 'mouth_right': (280, 422)}"
461,"[123, 223, 214, 250]",0.9999998807907104,"{'left_eye': (191, 322), 'right_eye': (287, 320), 'nose': (240, 369), 'mouth_left': (205, 419), 'mouth_right': (276, 420)}"
462,"[124, 222, 214, 250]",0.9999998807907104,"{'left_eye': (191, 323), 'right_eye': (286, 320), 'nose': (240, 370), 'mouth_left': (205, 419), 'mouth_right': (276, 420)}"
463,"[124, 223, 212, 249]",0.9999997615814209,"{'left_eye': (191, 323), 'right_eye': (286, 320), 'nose': (240, 369), 'mouth_left': (205, 419), 'mouth_right': (277, 420)}"
464,"[124, 222, 213, 249]",0.9999998807907104,"{'left_eye': (191, 322), 'right_eye': (286, 319), 'nose': (240, 369), 'mouth_left': (205, 419), 'mouth_right': (277, 420)}"
465,"[123, 221, 213, 251]",0.9999998807907104,"{'left_eye': (191, 322), 'right_eye': (286, 319), 'nose': (240, 368), 'mouth_left': (205, 418), 'mouth_right': (277, 419)}"
466,"[124, 221, 212, 250]",0.9999998807907104,"{'left_eye': (191, 322), 'right_eye': (286, 318), 'nose': (240, 368), 'mouth_left': (205, 418), 'mouth_right': (277, 419)}"
467,"[124, 221, 213, 249]",0.9999998807907104,"{'left_eye': (191, 322), 'right_eye': (286, 318), 'nose': (240, 367), 'mouth_left': (205, 418), 'mouth_right': (277, 418)}"
468,"[127, 218, 215, 260]",0.999976396560669,"{'left_eye': (191, 317), 'right_eye': (287, 316), 'nose': (236, 369), 'mouth_left': (198, 423), 'mouth_right': (281, 421)}"
469,"[127, 216, 216, 266]",0.9999862909317017,"{'left_eye': (192, 318), 'right_eye': (288, 316), 'nose': (237, 372), 'mouth_left': (199, 426), 'mouth_right': (283, 424)}"
470,"[124, 219, 214, 252]",0.9999998807907104,"{'left_eye': (192, 321), 'right_eye': (287, 318), 'nose': (241, 368), 'mouth_left': (205, 417), 'mouth_right': (278, 418)}"
471,"[125, 219, 214, 252]",0.9999998807907104,"{'left_eye': (192, 320), 'right_eye': (288, 317), 'nose': (242, 367), 'mouth_left': (206, 417), 'mouth_right': (279, 418)}"
472,"[124, 217, 215, 252]",0.9999998807907104,"{'left_eye': (191, 318), 'right_eye': (287, 315), 'nose': (241, 365), 'mouth_left': (205, 415), 'mouth_right': (278, 416)}"
473,"[122, 214, 228, 280]",0.9999988079071045,"{'left_eye': (193, 315), 'right_eye': (293, 316), 'nose': (241, 367), 'mouth_left': (198, 423), 'mouth_right': (288, 425)}"
474,"[123, 215, 226, 274]",0.9999983310699463,"{'left_eye': (197, 316), 'right_eye': (295, 316), 'nose': (245, 367), 'mouth_left': (202, 425), 'mouth_right': (287, 426)}"
475,"[123, 208, 231, 290]",0.9999994039535522,"{'left_eye': (195, 314), 'right_eye': (296, 315), 'nose': (244, 366), 'mouth_left': (201, 426), 'mouth_right': (289, 428)}"
476,"[129, 210, 216, 252]",0.9999949932098389,"{'left_eye': (197, 313), 'right_eye': (293, 311), 'nose': (247, 361), 'mouth_left': (211, 413), 'mouth_right': (281, 414)}"
477,"[130, 209, 215, 253]",0.9999946355819702,"{'left_eye': (198, 312), 'right_eye': (294, 311), 'nose': (247, 362), 'mouth_left': (211, 414), 'mouth_right': (281, 414)}"
478,"[130, 210, 218, 255]",0.9999922513961792,"{'left_eye': (199, 313), 'right_eye': (294, 313), 'nose': (247, 362), 'mouth_left': (211, 414), 'mouth_right': (282, 415)}"
479,"[123, 208, 231, 291]",0.9999992847442627,"{'left_eye': (196, 314), 'right_eye': (297, 315), 'nose': (244, 366), 'mouth_left': (201, 426), 'mouth_right': (290, 429)}"
480,"[123, 210, 231, 288]",0.9999991655349731,"{'left_eye': (195, 314), 'right_eye': (296, 315), 'nose': (243, 366), 'mouth_left': (201, 426), 'mouth_right': (289, 428)}"
481,"[123, 209, 231, 289]",0.9999990463256836,"{'left_eye': (196, 313), 'right_eye': (296, 315), 'nose': (244, 365), 'mouth_left': (201, 426), 'mouth_right': (289, 428)}"
482,"[131, 211, 218, 254]",0.9999920129776001,"{'left_eye': (199, 313), 'right_eye': (295, 313), 'nose': (247, 362), 'mouth_left': (211, 415), 'mouth_right': (282, 415)}"
483,"[130, 210, 219, 255]",0.9999926090240479,"{'left_eye': (199, 313), 'right_eye': (296, 313), 'nose': (248, 362), 'mouth_left': (212, 414), 'mouth_right': (283, 415)}"
484,"[130, 210, 219, 255]",0.9999926090240479,"{'left_eye': (199, 313), 'right_eye': (295, 313), 'nose': (247, 362), 'mouth_left': (212, 414), 'mouth_right': (283, 415)}"
485,"[129, 209, 219, 256]",0.9999936819076538,"{'left_eye': (199, 313), 'right_eye': (296, 313), 'nose': (248, 363), 'mouth_left': (212, 414), 'mouth_right': (282, 415)}"
486,"[130, 210, 214, 250]",0.9999754428863525,"{'left_eye': (200, 313), 'right_eye': (295, 312), 'nose': (248, 362), 'mouth_left': (214, 413), 'mouth_right': (281, 414)}"
487,"[130, 206, 216, 251]",0.9999806880950928,"{'left_eye': (200, 310), 'right_eye': (295, 309), 'nose': (248, 359), 'mouth_left': (214, 410), 'mouth_right': (282, 410)}"
